DateTime;Times_s;Throughput_Percentage;Throughput_Gbps;PacketSize_B;Power_Consumption;Packet_Rate
5/11/24 11:54:54;3.4;0;0;1500;701;0
5/11/24 11:54:59;8.2;0;0;1500;701;0
5/11/24 11:55:04;13.5;0;0;1500;702;0
5/11/24 11:55:09;18.5;0;0;1500;702;0
5/11/24 11:55:14;23.5;0;0;1500;699;0
5/11/24 11:55:19;28.5;0;0;1500;699;0
5/11/24 11:55:24;33.7;0;0;1500;712;0
5/11/24 11:55:29;38.5;0;0;1500;712;0
5/11/24 11:55:34;43.6;0;0;1500;703;0
5/11/24 11:55:39;48.5;0;0;1500;703;0
5/11/24 11:55:44;53.6;0;0;1500;705;0
5/11/24 11:55:49;59.4;0;0;1500;705;0
5/11/24 11:55:54;63.6;0;0;1500;706;0
5/11/24 11:55:59;68.6;0;0;1500;706;0
5/11/24 11:56:04;73.5;0;0;1500;704;0
5/11/24 11:56:09;78.4;0;0;1500;704;0
5/11/24 11:56:14;83.5;0;0;1500;700;0
5/11/24 11:56:19;88.5;0;0;1500;700;0
5/11/24 11:56:24;93.7;0;0;1500;702;0
5/11/24 11:56:29;98.7;0;0;1500;702;0
5/11/24 11:56:34;103.7;0;0;1500;706;0
5/11/24 11:56:39;108.7;0;0;1500;706;0
5/11/24 11:56:44;113.7;0;0;1500;706;0
5/11/24 11:56:49;119.2;0;0;1500;706;0
5/11/24 11:56:54;123.7;0;0;1500;707;0
5/11/24 11:56:59;128.7;0;0;1500;707;0
5/11/24 11:57:04;133.8;0;0;1500;699;0
5/11/24 11:57:09;138.9;0;0;1500;699;0
5/11/24 11:57:14;143.8;0;0;1500;702;0
5/11/24 11:57:19;149.2;0;0;1500;702;0
5/11/24 11:57:24;153.8;0;0;1500;701;0
5/11/24 11:57:29;159;0;0;1500;701;0
5/11/24 11:57:34;163.9;0;0;1500;713;0
5/11/24 11:57:39;169.1;0;0;1500;713;0
5/11/24 11:57:44;173.9;0;0;1500;705;0
5/11/24 11:57:49;179.1;0;0;1500;705;0
5/11/24 11:57:54;184;0;0;1500;702;0
5/11/24 11:57:59;189;0;0;1500;702;0
5/11/24 11:58:04;194;0;0;1500;706;0
5/11/24 11:58:09;198.9;0;0;1500;706;0
5/11/24 11:58:14;203.9;0;0;1500;715;0
5/11/24 11:58:19;209;0;0;1500;715;0
5/11/24 11:58:24;214;0;0;1500;701;0
5/11/24 11:58:29;219;0;0;1500;701;0
5/11/24 11:58:34;224;0;0;1500;707;0
5/11/24 11:58:39;229.2;0;0;1500;707;0
5/11/24 11:58:44;234.2;0;0;1500;704;0
5/11/24 11:58:49;239.1;0;0;1500;704;0
5/11/24 11:58:54;244.1;0;0;1500;704;0
5/11/24 11:58:59;249.1;0;0;1500;704;0
5/11/24 11:59:04;254;0;0;1500;703;0
5/11/24 11:59:09;258.9;0;0;1500;703;0
5/11/24 11:59:14;264;0;0;1500;703;0
5/11/24 11:59:19;269.1;0;0;1500;703;0
5/11/24 11:59:24;274.1;0;0;1500;699;0
5/11/24 11:59:29;279.1;0;0;1500;699;0
5/11/24 11:59:34;284;0;0;1500;703;0
5/11/24 11:59:39;289.2;0;0;1500;703;0
5/11/24 11:59:44;294.1;0;0;1500;707;0
5/11/24 11:59:49;299.1;0;0;1500;707;0
5/11/24 11:59:54;304.3;0.1;20;1500;706;1666666.667
5/11/24 11:59:59;309.1;0.1;20;1500;706;1666666.667
5/11/24 12:00:04;314.3;0.1;20;1500;693;1666666.667
5/11/24 12:00:09;319.1;0.1;20;1500;693;1666666.667
5/11/24 12:00:14;324.2;0.1;20;1500;709;1666666.667
5/11/24 12:00:19;329.3;0.1;20;1500;709;1666666.667
5/11/24 12:00:24;334.1;0.1;20;1500;702;1666666.667
5/11/24 12:00:29;339.1;0.1;20;1500;702;1666666.667
5/11/24 12:00:34;344.2;0.1;20;1500;703;1666666.667
5/11/24 12:00:39;349.2;0.1;20;1500;703;1666666.667
5/11/24 12:00:44;354.1;0.1;20;1500;709;1666666.667
5/11/24 12:00:49;359.3;0.1;20;1500;709;1666666.667
5/11/24 12:00:54;364.3;0.1;20;1500;706;1666666.667
5/11/24 12:00:59;369.4;0.1;20;1500;706;1666666.667
5/11/24 12:01:04;374.5;0.1;20;1500;713;1666666.667
5/11/24 12:01:09;379.2;0.1;20;1500;713;1666666.667
5/11/24 12:01:14;384.2;0.1;20;1500;707;1666666.667
5/11/24 12:01:19;389.3;0.1;20;1500;707;1666666.667
5/11/24 12:01:24;394.6;0.1;20;1500;712;1666666.667
5/11/24 12:01:29;399.4;0.1;20;1500;712;1666666.667
5/11/24 12:01:34;404.4;0.1;20;1500;702;1666666.667
5/11/24 12:01:39;409.5;0.1;20;1500;702;1666666.667
5/11/24 12:01:44;414.5;0.1;20;1500;711;1666666.667
5/11/24 12:01:49;419.4;0.1;20;1500;711;1666666.667
5/11/24 12:01:54;424.7;0.1;20;1500;707;1666666.667
5/11/24 12:01:59;429.6;0.1;20;1500;707;1666666.667
5/11/24 12:02:04;434.4;0.1;20;1500;707;1666666.667
5/11/24 12:02:09;439.6;0.1;20;1500;707;1666666.667
5/11/24 12:02:14;444.5;0.1;20;1500;700;1666666.667
5/11/24 12:02:20;449.6;0.1;20;1500;700;1666666.667
5/11/24 12:02:25;454.5;0.1;20;1500;709;1666666.667
5/11/24 12:02:30;459.5;0.1;20;1500;709;1666666.667
5/11/24 12:02:35;464.6;0.1;20;1500;703;1666666.667
5/11/24 12:02:40;469.5;0.1;20;1500;703;1666666.667
5/11/24 12:02:45;474.7;0.1;20;1500;711;1666666.667
5/11/24 12:02:50;479.4;0.1;20;1500;711;1666666.667
5/11/24 12:02:55;484.6;0.1;20;1500;717;1666666.667
5/11/24 12:03:00;489.5;0.1;20;1500;717;1666666.667
5/11/24 12:03:05;494.5;0.1;20;1500;703;1666666.667
5/11/24 12:03:10;499.5;0.1;20;1500;703;1666666.667
5/11/24 12:03:15;504.4;0.1;20;1500;702;1666666.667
5/11/24 12:03:20;509.9;0.1;20;1500;702;1666666.667
5/11/24 12:03:25;514.6;0.1;20;1500;708;1666666.667
5/11/24 12:03:30;519.6;0.1;20;1500;708;1666666.667
5/11/24 12:03:35;524.6;0.1;20;1500;703;1666666.667
5/11/24 12:03:40;529.7;0.1;20;1500;703;1666666.667
5/11/24 12:03:45;534.6;0.1;20;1500;703;1666666.667
5/11/24 12:03:50;539.4;0.1;20;1500;703;1666666.667
5/11/24 12:03:55;544.7;0.1;20;1500;709;1666666.667
5/11/24 12:04:00;549.6;0.1;20;1500;709;1666666.667
5/11/24 12:04:05;554.6;0.1;20;1500;704;1666666.667
5/11/24 12:04:10;559.5;0.1;20;1500;704;1666666.667
5/11/24 12:04:15;564.7;0.1;20;1500;701;1666666.667
5/11/24 12:04:20;569.7;0.1;20;1500;701;1666666.667
5/11/24 12:04:25;574.6;0.1;20;1500;704;1666666.667
5/11/24 12:04:30;579.6;0.1;20;1500;704;1666666.667
5/11/24 12:04:35;584.9;0.1;20;1500;710;1666666.667
5/11/24 12:04:40;589.7;0.1;20;1500;710;1666666.667
5/11/24 12:04:45;594.7;0.1;20;1500;708;1666666.667
5/11/24 12:04:50;599.7;0.1;20;1500;708;1666666.667
5/11/24 12:04:55;604.7;0.2;40;1500;709;3333333.333
5/11/24 12:05:00;609.7;0.2;40;1500;709;3333333.333
5/11/24 12:05:05;614.8;0.2;40;1500;703;3333333.333
5/11/24 12:05:10;620;0.2;40;1500;703;3333333.333
5/11/24 12:05:15;624.9;0.2;40;1500;711;3333333.333
5/11/24 12:05:20;630.1;0.2;40;1500;711;3333333.333
5/11/24 12:05:25;634.7;0.2;40;1500;701;3333333.333
5/11/24 12:05:30;639.8;0.2;40;1500;701;3333333.333
5/11/24 12:05:35;644.7;0.2;40;1500;713;3333333.333
5/11/24 12:05:40;650.2;0.2;40;1500;713;3333333.333
5/11/24 12:05:45;655;0.2;40;1500;711;3333333.333
5/11/24 12:05:50;660.2;0.2;40;1500;711;3333333.333
5/11/24 12:05:55;664.9;0.2;40;1500;710;3333333.333
5/11/24 12:06:00;670.1;0.2;40;1500;710;3333333.333
5/11/24 12:06:05;674.9;0.2;40;1500;715;3333333.333
5/11/24 12:06:10;679.6;0.2;40;1500;715;3333333.333
5/11/24 12:06:15;684.7;0.2;40;1500;718;3333333.333
5/11/24 12:06:20;689.7;0.2;40;1500;718;3333333.333
5/11/24 12:06:25;694.8;0.2;40;1500;709;3333333.333
5/11/24 12:06:30;699.8;0.2;40;1500;709;3333333.333
5/11/24 12:06:35;704.8;0.2;40;1500;711;3333333.333
5/11/24 12:06:40;709.9;0.2;40;1500;711;3333333.333
5/11/24 12:06:45;715.1;0.2;40;1500;702;3333333.333
5/11/24 12:06:50;719.8;0.2;40;1500;702;3333333.333
5/11/24 12:06:55;724.8;0.2;40;1500;714;3333333.333
5/11/24 12:07:00;729.8;0.2;40;1500;714;3333333.333
5/11/24 12:07:05;735;0.2;40;1500;711;3333333.333
5/11/24 12:07:10;740.4;0.2;40;1500;711;3333333.333
5/11/24 12:07:15;745;0.2;40;1500;706;3333333.333
5/11/24 12:07:20;750.3;0.2;40;1500;706;3333333.333
5/11/24 12:07:25;755.1;0.2;40;1500;708;3333333.333
5/11/24 12:07:30;760.3;0.2;40;1500;708;3333333.333
5/11/24 12:07:35;765.1;0.2;40;1500;721;3333333.333
5/11/24 12:07:40;770.5;0.2;40;1500;721;3333333.333
5/11/24 12:07:45;775.3;0.2;40;1500;713;3333333.333
5/11/24 12:07:50;780.4;0.2;40;1500;713;3333333.333
5/11/24 12:07:55;785.1;0.2;40;1500;717;3333333.333
5/11/24 12:08:00;790.4;0.2;40;1500;717;3333333.333
5/11/24 12:08:05;795.2;0.2;40;1500;719;3333333.333
5/11/24 12:08:10;800.1;0.2;40;1500;719;3333333.333
5/11/24 12:08:15;805;0.2;40;1500;716;3333333.333
5/11/24 12:08:20;810.3;0.2;40;1500;716;3333333.333
5/11/24 12:08:25;815.1;0.2;40;1500;714;3333333.333
5/11/24 12:08:30;820.5;0.2;40;1500;714;3333333.333
5/11/24 12:08:35;825.3;0.2;40;1500;711;3333333.333
5/11/24 12:08:40;830.6;0.2;40;1500;711;3333333.333
5/11/24 12:08:45;835.3;0.2;40;1500;701;3333333.333
5/11/24 12:08:50;840.4;0.2;40;1500;701;3333333.333
5/11/24 12:08:55;845.2;0.2;40;1500;705;3333333.333
5/11/24 12:09:00;850.5;0.2;40;1500;705;3333333.333
5/11/24 12:09:05;855.2;0.2;40;1500;704;3333333.333
5/11/24 12:09:10;860.6;0.2;40;1500;704;3333333.333
5/11/24 12:09:15;865.5;0.2;40;1500;703;3333333.333
5/11/24 12:09:20;870.8;0.2;40;1500;703;3333333.333
5/11/24 12:09:25;875.4;0.2;40;1500;711;3333333.333
5/11/24 12:09:30;880.5;0.2;40;1500;711;3333333.333
5/11/24 12:09:35;885.3;0.2;40;1500;703;3333333.333
5/11/24 12:09:40;890.4;0.2;40;1500;703;3333333.333
5/11/24 12:09:45;895.4;0.2;40;1500;708;3333333.333
5/11/24 12:09:50;900.1;0.3;60;1500;708;5000000
5/11/24 12:09:55;905.5;0.3;60;1500;710;5000000
5/11/24 12:10:00;910.9;0.3;60;1500;710;5000000
5/11/24 12:10:05;915.5;0.3;60;1500;717;5000000
5/11/24 12:10:10;920.6;0.3;60;1500;717;5000000
5/11/24 12:10:15;925.5;0.3;60;1500;704;5000000
5/11/24 12:10:20;930.5;0.3;60;1500;704;5000000
5/11/24 12:10:25;935.3;0.3;60;1500;713;5000000
5/11/24 12:10:30;940.3;0.3;60;1500;713;5000000
5/11/24 12:10:35;945.5;0.3;60;1500;721;5000000
5/11/24 12:10:40;950.7;0.3;60;1500;721;5000000
5/11/24 12:10:45;955.8;0.3;60;1500;710;5000000
5/11/24 12:10:50;960.7;0.3;60;1500;710;5000000
5/11/24 12:10:55;965.6;0.3;60;1500;705;5000000
5/11/24 12:11:00;970.8;0.3;60;1500;705;5000000
5/11/24 12:11:05;975.3;0.3;60;1500;707;5000000
5/11/24 12:11:10;981;0.3;60;1500;707;5000000
5/11/24 12:11:16;985.6;0.3;60;1500;711;5000000
5/11/24 12:11:21;990.8;0.3;60;1500;711;5000000
5/11/24 12:11:26;995.6;0.3;60;1500;713;5000000
5/11/24 12:11:31;1000.7;0.3;60;1500;713;5000000
5/11/24 12:11:36;1005.6;0.3;60;1500;703;5000000
5/11/24 12:11:41;1010.9;0.3;60;1500;703;5000000
5/11/24 12:11:46;1015.6;0.3;60;1500;710;5000000
5/11/24 12:11:51;1020.6;0.3;60;1500;710;5000000
5/11/24 12:11:56;1025.5;0.3;60;1500;715;5000000
5/11/24 12:12:01;1030.8;0.3;60;1500;715;5000000
5/11/24 12:12:06;1035.6;0.3;60;1500;711;5000000
5/11/24 12:12:11;1040.6;0.3;60;1500;711;5000000
5/11/24 12:12:16;1045.6;0.3;60;1500;708;5000000
5/11/24 12:12:21;1050.8;0.3;60;1500;708;5000000
5/11/24 12:12:26;1055.6;0.3;60;1500;718;5000000
5/11/24 12:12:31;1060.7;0.3;60;1500;718;5000000
5/11/24 12:12:36;1065.7;0.3;60;1500;714;5000000
5/11/24 12:12:41;1070.9;0.3;60;1500;714;5000000
5/11/24 12:12:46;1075.8;0.3;60;1500;711;5000000
5/11/24 12:12:51;1080.9;0.3;60;1500;711;5000000
5/11/24 12:12:56;1085.7;0.3;60;1500;714;5000000
5/11/24 12:13:01;1090.8;0.3;60;1500;714;5000000
5/11/24 12:13:06;1095.6;0.3;60;1500;711;5000000
5/11/24 12:13:11;1100.9;0.3;60;1500;711;5000000
5/11/24 12:13:16;1105.7;0.3;60;1500;715;5000000
5/11/24 12:13:21;1110.9;0.3;60;1500;715;5000000
5/11/24 12:13:26;1115.8;0.3;60;1500;726;5000000
5/11/24 12:13:31;1121;0.3;60;1500;726;5000000
5/11/24 12:13:36;1125.8;0.3;60;1500;709;5000000
5/11/24 12:13:41;1131;0.3;60;1500;709;5000000
5/11/24 12:13:46;1135.9;0.3;60;1500;705;5000000
5/11/24 12:13:51;1141.3;0.3;60;1500;705;5000000
5/11/24 12:13:56;1145.8;0.3;60;1500;712;5000000
5/11/24 12:14:01;1151.4;0.3;60;1500;712;5000000
5/11/24 12:14:06;1156;0.3;60;1500;711;5000000
5/11/24 12:14:11;1161.1;0.3;60;1500;711;5000000
5/11/24 12:14:16;1165.9;0.3;60;1500;714;5000000
5/11/24 12:14:21;1171.1;0.3;60;1500;714;5000000
5/11/24 12:14:26;1175.8;0.3;60;1500;713;5000000
5/11/24 12:14:31;1180.9;0.3;60;1500;713;5000000
5/11/24 12:14:36;1185.7;0.3;60;1500;715;5000000
5/11/24 12:14:41;1191.2;0.3;60;1500;715;5000000
5/11/24 12:14:46;1195.8;0.3;60;1500;711;5000000
5/11/24 12:14:51;1201;0.4;80;1500;711;6666666.667
5/11/24 12:14:56;1205.9;0.4;80;1500;709;6666666.667
5/11/24 12:15:01;1211;0.4;80;1500;709;6666666.667
5/11/24 12:15:06;1215.9;0.4;80;1500;725;6666666.667
5/11/24 12:15:11;1221.3;0.4;80;1500;725;6666666.667
5/11/24 12:15:16;1225.9;0.4;80;1500;721;6666666.667
5/11/24 12:15:21;1231.1;0.4;80;1500;721;6666666.667
5/11/24 12:15:26;1236.2;0.4;80;1500;715;6666666.667
5/11/24 12:15:31;1241.5;0.4;80;1500;715;6666666.667
5/11/24 12:15:36;1246.3;0.4;80;1500;711;6666666.667
5/11/24 12:15:41;1251.7;0.4;80;1500;711;6666666.667
5/11/24 12:15:46;1256;0.4;80;1500;722;6666666.667
5/11/24 12:15:51;1261.5;0.4;80;1500;722;6666666.667
5/11/24 12:15:56;1266.4;0.4;80;1500;715;6666666.667
5/11/24 12:16:01;1271.6;0.4;80;1500;715;6666666.667
5/11/24 12:16:06;1276.3;0.4;80;1500;717;6666666.667
5/11/24 12:16:11;1281.3;0.4;80;1500;717;6666666.667
5/11/24 12:16:16;1286.2;0.4;80;1500;712;6666666.667
5/11/24 12:16:21;1291.6;0.4;80;1500;712;6666666.667
5/11/24 12:16:26;1296.1;0.4;80;1500;726;6666666.667
5/11/24 12:16:31;1301.5;0.4;80;1500;726;6666666.667
5/11/24 12:16:36;1306.4;0.4;80;1500;719;6666666.667
5/11/24 12:16:41;1311.6;0.4;80;1500;719;6666666.667
5/11/24 12:16:46;1316.4;0.4;80;1500;708;6666666.667
5/11/24 12:16:51;1321.6;0.4;80;1500;708;6666666.667
5/11/24 12:16:56;1326.3;0.4;80;1500;712;6666666.667
5/11/24 12:17:01;1331.5;0.4;80;1500;712;6666666.667
5/11/24 12:17:06;1336.5;0.4;80;1500;713;6666666.667
5/11/24 12:17:11;1341.7;0.4;80;1500;713;6666666.667
5/11/24 12:17:16;1346.4;0.4;80;1500;724;6666666.667
5/11/24 12:17:21;1351.9;0.4;80;1500;724;6666666.667
5/11/24 12:17:26;1356.6;0.4;80;1500;719;6666666.667
5/11/24 12:17:31;1361.7;0.4;80;1500;719;6666666.667
5/11/24 12:17:36;1366.4;0.4;80;1500;714;6666666.667
5/11/24 12:17:41;1371.9;0.4;80;1500;714;6666666.667
5/11/24 12:17:46;1376.4;0.4;80;1500;704;6666666.667
5/11/24 12:17:51;1381.6;0.4;80;1500;704;6666666.667
5/11/24 12:17:56;1386.3;0.4;80;1500;720;6666666.667
5/11/24 12:18:01;1391.6;0.4;80;1500;720;6666666.667
5/11/24 12:18:06;1396.3;0.4;80;1500;706;6666666.667
5/11/24 12:18:11;1401.4;0.4;80;1500;706;6666666.667
5/11/24 12:18:16;1406.5;0.4;80;1500;702;6666666.667
5/11/24 12:18:21;1411.6;0.4;80;1500;702;6666666.667
5/11/24 12:18:26;1416.5;0.4;80;1500;709;6666666.667
5/11/24 12:18:31;1421.5;0.4;80;1500;709;6666666.667
5/11/24 12:18:36;1426.5;0.4;80;1500;708;6666666.667
5/11/24 12:18:41;1431.7;0.4;80;1500;708;6666666.667
5/11/24 12:18:46;1436.4;0.4;80;1500;716;6666666.667
5/11/24 12:18:51;1441.7;0.4;80;1500;716;6666666.667
5/11/24 12:18:56;1446.6;0.4;80;1500;718;6666666.667
5/11/24 12:19:01;1451.6;0.4;80;1500;718;6666666.667
5/11/24 12:19:06;1456.5;0.4;80;1500;713;6666666.667
5/11/24 12:19:11;1461.6;0.4;80;1500;713;6666666.667
5/11/24 12:19:16;1466.7;0.4;80;1500;719;6666666.667
5/11/24 12:19:21;1471.7;0.4;80;1500;719;6666666.667
5/11/24 12:19:26;1476.6;0.4;80;1500;712;6666666.667
5/11/24 12:19:31;1481.6;0.4;80;1500;712;6666666.667
5/11/24 12:19:36;1486.6;0.4;80;1500;721;6666666.667
5/11/24 12:19:41;1491.6;0.4;80;1500;721;6666666.667
5/11/24 12:19:46;1496.5;0.4;80;1500;714;6666666.667
5/11/24 12:19:51;1501.7;0.5;100;1500;714;8333333.333
5/11/24 12:19:56;1506.4;0.5;100;1500;713;8333333.333
5/11/24 12:20:01;1511.7;0.5;100;1500;713;8333333.333
5/11/24 12:20:06;1516.5;0.5;100;1500;714;8333333.333
5/11/24 12:20:11;1521.6;0.5;100;1500;714;8333333.333
5/11/24 12:20:17;1526.4;0.5;100;1500;717;8333333.333
5/11/24 12:20:22;1531.6;0.5;100;1500;717;8333333.333
5/11/24 12:20:27;1536.5;0.5;100;1500;717;8333333.333
5/11/24 12:20:32;1541.7;0.5;100;1500;717;8333333.333
5/11/24 12:20:37;1546.5;0.5;100;1500;715;8333333.333
5/11/24 12:20:42;1551.8;0.5;100;1500;715;8333333.333
5/11/24 12:20:47;1556.5;0.5;100;1500;720;8333333.333
5/11/24 12:20:52;1561.6;0.5;100;1500;720;8333333.333
5/11/24 12:20:57;1566.4;0.5;100;1500;714;8333333.333
5/11/24 12:21:02;1571.6;0.5;100;1500;714;8333333.333
5/11/24 12:21:07;1576.4;0.5;100;1500;716;8333333.333
5/11/24 12:21:12;1581.7;0.5;100;1500;716;8333333.333
5/11/24 12:21:17;1586.8;0.5;100;1500;717;8333333.333
5/11/24 12:21:22;1591.9;0.5;100;1500;717;8333333.333
5/11/24 12:21:27;1596.6;0.5;100;1500;714;8333333.333
5/11/24 12:21:32;1601.7;0.5;100;1500;714;8333333.333
5/11/24 12:21:37;1606.5;0.5;100;1500;715;8333333.333
5/11/24 12:21:42;1611.9;0.5;100;1500;715;8333333.333
5/11/24 12:21:47;1616.7;0.5;100;1500;706;8333333.333
5/11/24 12:21:52;1621.8;0.5;100;1500;706;8333333.333
5/11/24 12:21:57;1626.7;0.5;100;1500;710;8333333.333
5/11/24 12:22:02;1632;0.5;100;1500;710;8333333.333
5/11/24 12:22:07;1636.8;0.5;100;1500;714;8333333.333
5/11/24 12:22:12;1641.8;0.5;100;1500;714;8333333.333
5/11/24 12:22:17;1646.7;0.5;100;1500;715;8333333.333
5/11/24 12:22:22;1651.7;0.5;100;1500;715;8333333.333
5/11/24 12:22:27;1656.6;0.5;100;1500;711;8333333.333
5/11/24 12:22:32;1661.8;0.5;100;1500;711;8333333.333
5/11/24 12:22:37;1666.9;0.5;100;1500;724;8333333.333
5/11/24 12:22:42;1671.8;0.5;100;1500;724;8333333.333
5/11/24 12:22:47;1676.6;0.5;100;1500;723;8333333.333
5/11/24 12:22:52;1682.1;0.5;100;1500;723;8333333.333
5/11/24 12:22:57;1686.6;0.5;100;1500;711;8333333.333
5/11/24 12:23:02;1691.8;0.5;100;1500;711;8333333.333
5/11/24 12:23:07;1696.7;0.5;100;1500;719;8333333.333
5/11/24 12:23:12;1701.8;0.5;100;1500;719;8333333.333
5/11/24 12:23:17;1706.9;0.5;100;1500;717;8333333.333
5/11/24 12:23:22;1712.1;0.5;100;1500;717;8333333.333
5/11/24 12:23:27;1716.9;0.5;100;1500;711;8333333.333
5/11/24 12:23:32;1722.1;0.5;100;1500;711;8333333.333
5/11/24 12:23:37;1726.8;0.5;100;1500;711;8333333.333
5/11/24 12:23:42;1731.8;0.5;100;1500;711;8333333.333
5/11/24 12:23:47;1736.8;0.5;100;1500;721;8333333.333
5/11/24 12:23:52;1741.8;0.5;100;1500;721;8333333.333
5/11/24 12:23:57;1746.9;0.5;100;1500;719;8333333.333
5/11/24 12:24:02;1752;0.5;100;1500;719;8333333.333
5/11/24 12:24:07;1756.8;0.5;100;1500;721;8333333.333
5/11/24 12:24:12;1762;0.5;100;1500;721;8333333.333
5/11/24 12:24:17;1766.9;0.5;100;1500;723;8333333.333
5/11/24 12:24:22;1772.1;0.5;100;1500;723;8333333.333
5/11/24 12:24:27;1776.9;0.5;100;1500;722;8333333.333
5/11/24 12:24:32;1782.1;0.5;100;1500;722;8333333.333
5/11/24 12:24:37;1787.2;0.5;100;1500;722;8333333.333
5/11/24 12:24:42;1792.2;0.5;100;1500;722;8333333.333
5/11/24 12:24:47;1797.1;0.5;100;1500;716;8333333.333
5/11/24 12:24:52;1802.1;0.6;120;1500;716;10000000
5/11/24 12:24:57;1807;0.6;120;1500;717;10000000
5/11/24 12:25:02;1812.2;0.6;120;1500;717;10000000
5/11/24 12:25:07;1817;0.6;120;1500;720;10000000
5/11/24 12:25:12;1822.4;0.6;120;1500;720;10000000
5/11/24 12:25:17;1826.9;0.6;120;1500;725;10000000
5/11/24 12:25:22;1832.1;0.6;120;1500;725;10000000
5/11/24 12:25:27;1837;0.6;120;1500;716;10000000
5/11/24 12:25:32;1842.3;0.6;120;1500;716;10000000
5/11/24 12:25:37;1847;0.6;120;1500;719;10000000
5/11/24 12:25:42;1852.4;0.6;120;1500;719;10000000
5/11/24 12:25:47;1857.1;0.6;120;1500;731;10000000
5/11/24 12:25:52;1862.3;0.6;120;1500;731;10000000
5/11/24 12:25:57;1867;0.6;120;1500;712;10000000
5/11/24 12:26:02;1872.3;0.6;120;1500;712;10000000
5/11/24 12:26:07;1877.3;0.6;120;1500;719;10000000
5/11/24 12:26:12;1882.4;0.6;120;1500;719;10000000
5/11/24 12:26:17;1887;0.6;120;1500;721;10000000
5/11/24 12:26:22;1892.4;0.6;120;1500;721;10000000
5/11/24 12:26:27;1897.1;0.6;120;1500;725;10000000
5/11/24 12:26:32;1902.4;0.6;120;1500;725;10000000
5/11/24 12:26:37;1907.2;0.6;120;1500;727;10000000
5/11/24 12:26:42;1912.5;0.6;120;1500;727;10000000
5/11/24 12:26:47;1917.3;0.6;120;1500;724;10000000
5/11/24 12:26:52;1922.3;0.6;120;1500;724;10000000
5/11/24 12:26:57;1927.6;0.6;120;1500;728;10000000
5/11/24 12:27:02;1932.3;0.6;120;1500;728;10000000
5/11/24 12:27:07;1937.1;0.6;120;1500;722;10000000
5/11/24 12:27:12;1942.3;0.6;120;1500;722;10000000
5/11/24 12:27:17;1947.2;0.6;120;1500;723;10000000
5/11/24 12:27:22;1952.4;0.6;120;1500;723;10000000
5/11/24 12:27:27;1957.3;0.6;120;1500;721;10000000
5/11/24 12:27:32;1962.4;0.6;120;1500;721;10000000
5/11/24 12:27:37;1967.4;0.6;120;1500;722;10000000
5/11/24 12:27:42;1972.6;0.6;120;1500;722;10000000
5/11/24 12:27:47;1977.4;0.6;120;1500;719;10000000
5/11/24 12:27:52;1982.5;0.6;120;1500;719;10000000
5/11/24 12:27:57;1987.2;0.6;120;1500;716;10000000
5/11/24 12:28:02;1992.4;0.6;120;1500;716;10000000
5/11/24 12:28:07;1997.1;0.6;120;1500;719;10000000
5/11/24 12:28:12;2002.4;0.6;120;1500;719;10000000
5/11/24 12:28:17;2007.3;0.6;120;1500;712;10000000
5/11/24 12:28:22;2012.8;0.6;120;1500;712;10000000
5/11/24 12:28:27;2017.7;0.6;120;1500;722;10000000
5/11/24 12:28:32;2022.7;0.6;120;1500;722;10000000
5/11/24 12:28:37;2027.5;0.6;120;1500;716;10000000
5/11/24 12:28:42;2032.5;0.6;120;1500;716;10000000
5/11/24 12:28:47;2037.5;0.6;120;1500;719;10000000
5/11/24 12:28:52;2042.8;0.6;120;1500;719;10000000
5/11/24 12:28:57;2047.6;0.6;120;1500;715;10000000
5/11/24 12:29:02;2052.9;0.6;120;1500;715;10000000
5/11/24 12:29:07;2057.4;0.6;120;1500;727;10000000
5/11/24 12:29:12;2062.5;0.6;120;1500;727;10000000
5/11/24 12:29:17;2067.3;0.6;120;1500;717;10000000
5/11/24 12:29:22;2072.6;0.6;120;1500;717;10000000
5/11/24 12:29:27;2077.2;0.6;120;1500;715;10000000
5/11/24 12:29:32;2082.5;0.6;120;1500;715;10000000
5/11/24 12:29:37;2087.3;0.6;120;1500;719;10000000
5/11/24 12:29:42;2092.6;0.6;120;1500;719;10000000
5/11/24 12:29:48;2097.5;0.6;120;1500;713;10000000
5/11/24 12:29:53;2102.5;0.7;140;1500;713;11666666.67
5/11/24 12:29:58;2107.4;0.7;140;1500;716;11666666.67
5/11/24 12:30:03;2112.6;0.7;140;1500;716;11666666.67
5/11/24 12:30:08;2117.4;0.7;140;1500;726;11666666.67
5/11/24 12:30:13;2122.6;0.7;140;1500;726;11666666.67
5/11/24 12:30:18;2127.4;0.7;140;1500;720;11666666.67
5/11/24 12:30:23;2132.6;0.7;140;1500;720;11666666.67
5/11/24 12:30:28;2137.5;0.7;140;1500;723;11666666.67
5/11/24 12:30:33;2142.6;0.7;140;1500;723;11666666.67
5/11/24 12:30:38;2147.4;0.7;140;1500;722;11666666.67
5/11/24 12:30:43;2152.6;0.7;140;1500;722;11666666.67
5/11/24 12:30:48;2157.4;0.7;140;1500;712;11666666.67
5/11/24 12:30:53;2162.6;0.7;140;1500;712;11666666.67
5/11/24 12:30:58;2167.4;0.7;140;1500;726;11666666.67
5/11/24 12:31:03;2172.8;0.7;140;1500;726;11666666.67
5/11/24 12:31:08;2177.5;0.7;140;1500;721;11666666.67
5/11/24 12:31:13;2182.7;0.7;140;1500;721;11666666.67
5/11/24 12:31:18;2187.5;0.7;140;1500;728;11666666.67
5/11/24 12:31:23;2192.7;0.7;140;1500;728;11666666.67
5/11/24 12:31:28;2197.4;0.7;140;1500;721;11666666.67
5/11/24 12:31:33;2202.7;0.7;140;1500;721;11666666.67
5/11/24 12:31:38;2207.5;0.7;140;1500;721;11666666.67
5/11/24 12:31:43;2212.7;0.7;140;1500;721;11666666.67
5/11/24 12:31:48;2217.6;0.7;140;1500;726;11666666.67
5/11/24 12:31:53;2222.7;0.7;140;1500;726;11666666.67
5/11/24 12:31:58;2227.9;0.7;140;1500;716;11666666.67
5/11/24 12:32:03;2233.1;0.7;140;1500;716;11666666.67
5/11/24 12:32:08;2237.5;0.7;140;1500;720;11666666.67
5/11/24 12:32:13;2242.9;0.7;140;1500;720;11666666.67
5/11/24 12:32:18;2247.7;0.7;140;1500;726;11666666.67
5/11/24 12:32:23;2252.8;0.7;140;1500;726;11666666.67
5/11/24 12:32:28;2257.6;0.7;140;1500;721;11666666.67
5/11/24 12:32:33;2262.8;0.7;140;1500;721;11666666.67
5/11/24 12:32:38;2267.6;0.7;140;1500;721;11666666.67
5/11/24 12:32:43;2272.8;0.7;140;1500;721;11666666.67
5/11/24 12:32:48;2277.7;0.7;140;1500;714;11666666.67
5/11/24 12:32:53;2282.8;0.7;140;1500;714;11666666.67
5/11/24 12:32:58;2287.5;0.7;140;1500;727;11666666.67
5/11/24 12:33:03;2292.7;0.7;140;1500;727;11666666.67
5/11/24 12:33:08;2297.5;0.7;140;1500;715;11666666.67
5/11/24 12:33:13;2302.9;0.7;140;1500;715;11666666.67
5/11/24 12:33:18;2307.6;0.7;140;1500;721;11666666.67
5/11/24 12:33:23;2312.9;0.7;140;1500;721;11666666.67
5/11/24 12:33:28;2317.6;0.7;140;1500;717;11666666.67
5/11/24 12:33:33;2322.8;0.7;140;1500;717;11666666.67
5/11/24 12:33:38;2327.6;0.7;140;1500;726;11666666.67
5/11/24 12:33:43;2332.7;0.7;140;1500;726;11666666.67
5/11/24 12:33:48;2337.6;0.7;140;1500;723;11666666.67
5/11/24 12:33:53;2343;0.7;140;1500;723;11666666.67
5/11/24 12:33:58;2347.8;0.7;140;1500;725;11666666.67
5/11/24 12:34:03;2353;0.7;140;1500;725;11666666.67
5/11/24 12:34:08;2357.8;0.7;140;1500;729;11666666.67
5/11/24 12:34:13;2363;0.7;140;1500;729;11666666.67
5/11/24 12:34:18;2368.4;0.7;140;1500;719;11666666.67
5/11/24 12:34:23;2373;0.7;140;1500;719;11666666.67
5/11/24 12:34:28;2377.8;0.7;140;1500;721;11666666.67
5/11/24 12:34:33;2383;0.7;140;1500;721;11666666.67
5/11/24 12:34:38;2388.3;0.7;140;1500;722;11666666.67
5/11/24 12:34:43;2393.2;0.7;140;1500;722;11666666.67
5/11/24 12:34:48;2398;0.7;140;1500;719;11666666.67
5/11/24 12:34:53;2402.9;0.8;160;1500;719;13333333.33
5/11/24 12:34:58;2407.8;0.8;160;1500;726;13333333.33
5/11/24 12:35:03;2412.9;0.8;160;1500;726;13333333.33
5/11/24 12:35:08;2417.9;0.8;160;1500;714;13333333.33
5/11/24 12:35:13;2423;0.8;160;1500;714;13333333.33
5/11/24 12:35:18;2427.9;0.8;160;1500;730;13333333.33
5/11/24 12:35:23;2433;0.8;160;1500;730;13333333.33
5/11/24 12:35:28;2437.9;0.8;160;1500;726;13333333.33
5/11/24 12:35:33;2443.1;0.8;160;1500;726;13333333.33
5/11/24 12:35:38;2448;0.8;160;1500;722;13333333.33
5/11/24 12:35:43;2453;0.8;160;1500;722;13333333.33
5/11/24 12:35:48;2457.9;0.8;160;1500;715;13333333.33
5/11/24 12:35:53;2463.1;0.8;160;1500;715;13333333.33
5/11/24 12:35:58;2468;0.8;160;1500;719;13333333.33
5/11/24 12:36:03;2473.2;0.8;160;1500;719;13333333.33
5/11/24 12:36:08;2478.1;0.8;160;1500;723;13333333.33
5/11/24 12:36:13;2483.2;0.8;160;1500;723;13333333.33
5/11/24 12:36:18;2487.9;0.8;160;1500;721;13333333.33
5/11/24 12:36:23;2493.1;0.8;160;1500;721;13333333.33
5/11/24 12:36:28;2497.9;0.8;160;1500;722;13333333.33
5/11/24 12:36:33;2503.1;0.8;160;1500;722;13333333.33
5/11/24 12:36:38;2508.1;0.8;160;1500;720;13333333.33
5/11/24 12:36:43;2513.3;0.8;160;1500;720;13333333.33
5/11/24 12:36:48;2518.2;0.8;160;1500;721;13333333.33
5/11/24 12:36:53;2523.3;0.8;160;1500;721;13333333.33
5/11/24 12:36:58;2528.1;0.8;160;1500;725;13333333.33
5/11/24 12:37:03;2533.3;0.8;160;1500;725;13333333.33
5/11/24 12:37:08;2538;0.8;160;1500;720;13333333.33
5/11/24 12:37:13;2543.1;0.8;160;1500;720;13333333.33
5/11/24 12:37:18;2548.1;0.8;160;1500;724;13333333.33
5/11/24 12:37:23;2553.3;0.8;160;1500;724;13333333.33
5/11/24 12:37:28;2558.1;0.8;160;1500;727;13333333.33
5/11/24 12:37:33;2563.4;0.8;160;1500;727;13333333.33
5/11/24 12:37:38;2568.1;0.8;160;1500;724;13333333.33
5/11/24 12:37:43;2573.3;0.8;160;1500;724;13333333.33
5/11/24 12:37:48;2578.2;0.8;160;1500;716;13333333.33
5/11/24 12:37:53;2583.3;0.8;160;1500;716;13333333.33
5/11/24 12:37:58;2588.1;0.8;160;1500;722;13333333.33
5/11/24 12:38:03;2593.5;0.8;160;1500;722;13333333.33
5/11/24 12:38:08;2598.2;0.8;160;1500;726;13333333.33
5/11/24 12:38:13;2603.4;0.8;160;1500;726;13333333.33
5/11/24 12:38:18;2608.2;0.8;160;1500;728;13333333.33
5/11/24 12:38:23;2613.4;0.8;160;1500;728;13333333.33
5/11/24 12:38:28;2618.3;0.8;160;1500;730;13333333.33
5/11/24 12:38:33;2623.3;0.8;160;1500;730;13333333.33
5/11/24 12:38:38;2628.1;0.8;160;1500;729;13333333.33
5/11/24 12:38:43;2633.4;0.8;160;1500;729;13333333.33
5/11/24 12:38:48;2638.3;0.8;160;1500;729;13333333.33
5/11/24 12:38:54;2643.4;0.8;160;1500;729;13333333.33
5/11/24 12:38:59;2648.2;0.8;160;1500;719;13333333.33
5/11/24 12:39:04;2653.4;0.8;160;1500;719;13333333.33
5/11/24 12:39:09;2658.2;0.8;160;1500;714;13333333.33
5/11/24 12:39:14;2663.5;0.8;160;1500;714;13333333.33
5/11/24 12:39:19;2668.2;0.8;160;1500;717;13333333.33
5/11/24 12:39:24;2674;0.8;160;1500;717;13333333.33
5/11/24 12:39:29;2678.2;0.8;160;1500;720;13333333.33
5/11/24 12:39:34;2683.5;0.8;160;1500;720;13333333.33
5/11/24 12:39:39;2688.4;0.8;160;1500;722;13333333.33
5/11/24 12:39:44;2693.6;0.8;160;1500;722;13333333.33
5/11/24 12:39:49;2698.4;0.8;160;1500;722;13333333.33
5/11/24 12:39:54;2703.5;0.9;180;1500;722;15000000
5/11/24 12:39:59;2708.3;0.9;180;1500;737;15000000
5/11/24 12:40:04;2713.5;0.9;180;1500;737;15000000
5/11/24 12:40:09;2718.4;0.9;180;1500;730;15000000
5/11/24 12:40:14;2723.9;0.9;180;1500;730;15000000
5/11/24 12:40:19;2728.4;0.9;180;1500;719;15000000
5/11/24 12:40:24;2733.7;0.9;180;1500;719;15000000
5/11/24 12:40:29;2738.4;0.9;180;1500;710;15000000
5/11/24 12:40:34;2743.6;0.9;180;1500;710;15000000
5/11/24 12:40:39;2748.4;0.9;180;1500;717;15000000
5/11/24 12:40:44;2753.6;0.9;180;1500;717;15000000
5/11/24 12:40:49;2758.4;0.9;180;1500;727;15000000
5/11/24 12:40:54;2763.8;0.9;180;1500;727;15000000
5/11/24 12:40:59;2768.5;0.9;180;1500;728;15000000
5/11/24 12:41:04;2773.9;0.9;180;1500;728;15000000
5/11/24 12:41:09;2778.7;0.9;180;1500;728;15000000
5/11/24 12:41:14;2784;0.9;180;1500;728;15000000
5/11/24 12:41:19;2788.7;0.9;180;1500;723;15000000
5/11/24 12:41:24;2793.9;0.9;180;1500;723;15000000
5/11/24 12:41:29;2798.7;0.9;180;1500;716;15000000
5/11/24 12:41:34;2803.8;0.9;180;1500;716;15000000
5/11/24 12:41:39;2808.5;0.9;180;1500;717;15000000
5/11/24 12:41:44;2813.8;0.9;180;1500;717;15000000
5/11/24 12:41:49;2818.7;0.9;180;1500;725;15000000
5/11/24 12:41:54;2823.8;0.9;180;1500;725;15000000
5/11/24 12:41:59;2828.6;0.9;180;1500;722;15000000
5/11/24 12:42:04;2833.7;0.9;180;1500;722;15000000
5/11/24 12:42:09;2838.7;0.9;180;1500;726;15000000
5/11/24 12:42:14;2843.8;0.9;180;1500;726;15000000
5/11/24 12:42:19;2848.7;0.9;180;1500;716;15000000
5/11/24 12:42:24;2853.9;0.9;180;1500;716;15000000
5/11/24 12:42:29;2858.7;0.9;180;1500;725;15000000
5/11/24 12:42:34;2863.9;0.9;180;1500;725;15000000
5/11/24 12:42:39;2868.6;0.9;180;1500;728;15000000
5/11/24 12:42:44;2873.9;0.9;180;1500;728;15000000
5/11/24 12:42:49;2878.7;0.9;180;1500;724;15000000
5/11/24 12:42:54;2883.8;0.9;180;1500;724;15000000
5/11/24 12:42:59;2888.7;0.9;180;1500;735;15000000
5/11/24 12:43:04;2894;0.9;180;1500;735;15000000
5/11/24 12:43:09;2898.7;0.9;180;1500;724;15000000
5/11/24 12:43:14;2904;0.9;180;1500;724;15000000
5/11/24 12:43:19;2908.8;0.9;180;1500;720;15000000
5/11/24 12:43:24;2914;0.9;180;1500;720;15000000
5/11/24 12:43:29;2918.7;0.9;180;1500;720;15000000
5/11/24 12:43:34;2923.9;0.9;180;1500;720;15000000
5/11/24 12:43:39;2928.7;0.9;180;1500;718;15000000
5/11/24 12:43:44;2934.1;0.9;180;1500;718;15000000
5/11/24 12:43:49;2938.9;0.9;180;1500;729;15000000
5/11/24 12:43:54;2944;0.9;180;1500;729;15000000
5/11/24 12:43:59;2948.8;0.9;180;1500;723;15000000
5/11/24 12:44:04;2954;0.9;180;1500;723;15000000
5/11/24 12:44:09;2958.8;0.9;180;1500;715;15000000
5/11/24 12:44:14;2964;0.9;180;1500;715;15000000
5/11/24 12:44:19;2968.8;0.9;180;1500;715;15000000
5/11/24 12:44:24;2974;0.9;180;1500;715;15000000
5/11/24 12:44:29;2978.8;0.9;180;1500;719;15000000
5/11/24 12:44:34;2984;0.9;180;1500;719;15000000
5/11/24 12:44:39;2989;0.9;180;1500;719;15000000
5/11/24 12:44:44;2994.2;0.9;180;1500;719;15000000
5/11/24 12:44:49;2999.1;0.9;180;1500;722;15000000
5/11/24 12:44:54;3004.2;1;200;1500;722;16666666.67
5/11/24 12:44:59;3008.9;1;200;1500;715;16666666.67
5/11/24 12:45:04;3014;1;200;1500;715;16666666.67
5/11/24 12:45:09;3018.8;1;200;1500;722;16666666.67
5/11/24 12:45:14;3024;1;200;1500;722;16666666.67
5/11/24 12:45:19;3028.9;1;200;1500;720;16666666.67
5/11/24 12:45:24;3034.1;1;200;1500;720;16666666.67
5/11/24 12:45:29;3038.9;1;200;1500;718;16666666.67
5/11/24 12:45:34;3044.1;1;200;1500;718;16666666.67
5/11/24 12:45:39;3048.9;1;200;1500;728;16666666.67
5/11/24 12:45:44;3054;1;200;1500;728;16666666.67
5/11/24 12:45:49;3059.1;1;200;1500;720;16666666.67
5/11/24 12:45:54;3064.2;1;200;1500;720;16666666.67
5/11/24 12:45:59;3069;1;200;1500;733;16666666.67
5/11/24 12:46:04;3074.3;1;200;1500;733;16666666.67
5/11/24 12:46:09;3079.1;1;200;1500;721;16666666.67
5/11/24 12:46:14;3084.3;1;200;1500;721;16666666.67
5/11/24 12:46:19;3089;1;200;1500;728;16666666.67
5/11/24 12:46:24;3094.2;1;200;1500;728;16666666.67
5/11/24 12:46:29;3099.1;1;200;1500;733;16666666.67
5/11/24 12:46:34;3104.3;1;200;1500;733;16666666.67
5/11/24 12:46:39;3109.1;1;200;1500;723;16666666.67
5/11/24 12:46:44;3114.3;1;200;1500;723;16666666.67
5/11/24 12:46:49;3119.2;1;200;1500;729;16666666.67
5/11/24 12:46:54;3124.4;1;200;1500;729;16666666.67
5/11/24 12:46:59;3129.1;1;200;1500;724;16666666.67
5/11/24 12:47:04;3134.2;1;200;1500;724;16666666.67
5/11/24 12:47:09;3139.1;1;200;1500;730;16666666.67
5/11/24 12:47:14;3144.3;1;200;1500;730;16666666.67
5/11/24 12:47:19;3149.2;1;200;1500;723;16666666.67
5/11/24 12:47:24;3154.4;1;200;1500;723;16666666.67
5/11/24 12:47:29;3159.3;1;200;1500;714;16666666.67
5/11/24 12:47:34;3164.5;1;200;1500;714;16666666.67
5/11/24 12:47:39;3169.2;1;200;1500;722;16666666.67
5/11/24 12:47:44;3174.5;1;200;1500;722;16666666.67
5/11/24 12:47:49;3179.3;1;200;1500;726;16666666.67
5/11/24 12:47:54;3184.6;1;200;1500;726;16666666.67
5/11/24 12:47:59;3189.3;1;200;1500;718;16666666.67
5/11/24 12:48:04;3194.5;1;200;1500;718;16666666.67
5/11/24 12:48:09;3199.3;1;200;1500;715;16666666.67
5/11/24 12:48:15;3204.5;1;200;1500;715;16666666.67
5/11/24 12:48:20;3209.3;1;200;1500;735;16666666.67
5/11/24 12:48:25;3214.5;1;200;1500;735;16666666.67
5/11/24 12:48:30;3219.3;1;200;1500;729;16666666.67
5/11/24 12:48:35;3224.5;1;200;1500;729;16666666.67
5/11/24 12:48:40;3229.1;1;200;1500;720;16666666.67
5/11/24 12:48:45;3234.6;1;200;1500;720;16666666.67
5/11/24 12:48:50;3239.4;1;200;1500;727;16666666.67
5/11/24 12:48:55;3244.8;1;200;1500;727;16666666.67
5/11/24 12:49:00;3249.4;1;200;1500;726;16666666.67
5/11/24 12:49:05;3254.5;1;200;1500;726;16666666.67
5/11/24 12:49:10;3259.3;1;200;1500;721;16666666.67
5/11/24 12:49:15;3264.5;1;200;1500;721;16666666.67
5/11/24 12:49:20;3269.3;1;200;1500;722;16666666.67
5/11/24 12:49:25;3274.7;1;200;1500;722;16666666.67
5/11/24 12:49:30;3279.4;1;200;1500;727;16666666.67
5/11/24 12:49:35;3284.7;1;200;1500;727;16666666.67
5/11/24 12:49:40;3289.4;1;200;1500;721;16666666.67
5/11/24 12:49:45;3294.7;1;200;1500;721;16666666.67
5/11/24 12:49:50;3299.4;1;200;1500;730;16666666.67
5/11/24 12:49:55;3304.5;1;200;1500;730;16666666.67
5/11/24 12:50:00;3309.3;1;200;1500;733;16666666.67
5/11/24 12:50:05;3314.5;1;200;1500;733;16666666.67
5/11/24 12:50:10;3319.3;1;200;1500;719;16666666.67
5/11/24 12:50:15;3324.7;1;200;1500;719;16666666.67
5/11/24 12:50:20;3329.6;1;200;1500;725;16666666.67
5/11/24 12:50:25;3334.7;1;200;1500;725;16666666.67
5/11/24 12:50:30;3339.5;1;200;1500;729;16666666.67
5/11/24 12:50:35;3344.7;1;200;1500;729;16666666.67
5/11/24 12:50:40;3349.4;1;200;1500;725;16666666.67
5/11/24 12:50:45;3354.7;1;200;1500;725;16666666.67
5/11/24 12:50:50;3359.6;1;200;1500;720;16666666.67
5/11/24 12:50:55;3364.8;1;200;1500;720;16666666.67
5/11/24 12:51:00;3369.5;1;200;1500;724;16666666.67
5/11/24 12:51:05;3374.8;1;200;1500;724;16666666.67
5/11/24 12:51:10;3379.5;1;200;1500;721;16666666.67
5/11/24 12:51:15;3384.7;1;200;1500;721;16666666.67
5/11/24 12:51:20;3389.5;1;200;1500;728;16666666.67
5/11/24 12:51:25;3394.9;1;200;1500;731;16666666.67
5/11/24 12:51:30;3399.7;1;200;1500;731;16666666.67
5/11/24 12:51:35;3404.9;1;200;1500;722;16666666.67
5/11/24 12:51:40;3409.7;1;200;1500;722;16666666.67
5/11/24 12:51:45;3414.9;1;200;1500;721;16666666.67
5/11/24 12:51:50;3419.9;1;200;1500;721;16666666.67
5/11/24 12:51:55;3424.9;1;200;1500;725;16666666.67
5/11/24 12:52:00;3429.6;1;200;1500;725;16666666.67
5/11/24 12:52:05;3435;1;200;1500;717;16666666.67
5/11/24 12:52:10;3439.8;1;200;1500;717;16666666.67
5/11/24 12:52:15;3445;1;200;1500;721;16666666.67
5/11/24 12:52:20;3449.9;1;200;1500;721;16666666.67
5/11/24 12:52:25;3455;1;200;1500;726;16666666.67
5/11/24 12:52:30;3459.9;1;200;1500;726;16666666.67
5/11/24 12:52:35;3464.9;1;200;1500;717;16666666.67
5/11/24 12:52:40;3469.7;1;200;1500;717;16666666.67
5/11/24 12:52:45;3475.1;1;200;1500;734;16666666.67
5/11/24 12:52:50;3479.9;1;200;1500;734;16666666.67
5/11/24 12:52:55;3485.1;1;200;1500;726;16666666.67
5/11/24 12:53:00;3490.1;1;200;1500;726;16666666.67
5/11/24 12:53:05;3495.1;1;200;1500;727;16666666.67
5/11/24 12:53:10;3499.9;1;200;1500;727;16666666.67
5/11/24 12:53:15;3505.1;1;200;1500;722;16666666.67
5/11/24 12:53:20;3509.8;1;200;1500;722;16666666.67
5/11/24 12:53:25;3515;1;200;1500;728;16666666.67
5/11/24 12:53:30;3520;1;200;1500;728;16666666.67
5/11/24 12:53:35;3525.1;1;200;1500;727;16666666.67
5/11/24 12:53:40;3529.9;1;200;1500;727;16666666.67
5/11/24 12:53:45;3535.2;1;200;1500;719;16666666.67
5/11/24 12:53:50;3540;1;200;1500;719;16666666.67
5/11/24 12:53:55;3545.5;1;200;1500;718;16666666.67
5/11/24 12:54:00;3549.8;1;200;1500;718;16666666.67
5/11/24 12:54:05;3555.1;1;200;1500;719;16666666.67
5/11/24 12:54:10;3560;1;200;1500;719;16666666.67
5/11/24 12:54:15;3565.2;1;200;1500;723;16666666.67
5/11/24 12:54:20;3570;1;200;1500;723;16666666.67
5/11/24 12:54:25;3575.2;1;200;1500;721;16666666.67
5/11/24 12:54:30;3580;1;200;1500;721;16666666.67
5/11/24 12:54:35;3585.2;1;200;1500;719;16666666.67
5/11/24 12:54:40;3590;1;200;1500;719;16666666.67
5/11/24 12:54:45;3595.1;1;200;1500;716;16666666.67
5/11/24 12:54:50;3600;0.9;180;1500;716;15000000
5/11/24 12:54:55;3605.3;0.9;180;1500;726;15000000
5/11/24 12:55:00;3610.1;0.9;180;1500;726;15000000
5/11/24 12:55:05;3615.2;0.9;180;1500;725;15000000
5/11/24 12:55:10;3620;0.9;180;1500;725;15000000
5/11/24 12:55:15;3625.1;0.9;180;1500;726;15000000
5/11/24 12:55:20;3630;0.9;180;1500;726;15000000
5/11/24 12:55:25;3635.2;0.9;180;1500;722;15000000
5/11/24 12:55:30;3640.1;0.9;180;1500;722;15000000
5/11/24 12:55:35;3645.2;0.9;180;1500;719;15000000
5/11/24 12:55:40;3650.1;0.9;180;1500;719;15000000
5/11/24 12:55:45;3655.3;0.9;180;1500;714;15000000
5/11/24 12:55:50;3660.2;0.9;180;1500;714;15000000
5/11/24 12:55:55;3665.3;0.9;180;1500;721;15000000
5/11/24 12:56:00;3670.1;0.9;180;1500;721;15000000
5/11/24 12:56:05;3675.3;0.9;180;1500;716;15000000
5/11/24 12:56:10;3680;0.9;180;1500;716;15000000
5/11/24 12:56:15;3685.2;0.9;180;1500;729;15000000
5/11/24 12:56:20;3690.2;0.9;180;1500;729;15000000
5/11/24 12:56:25;3695.3;0.9;180;1500;720;15000000
5/11/24 12:56:30;3700.1;0.9;180;1500;720;15000000
5/11/24 12:56:35;3705.5;0.9;180;1500;730;15000000
5/11/24 12:56:40;3710.2;0.9;180;1500;730;15000000
5/11/24 12:56:45;3715.4;0.9;180;1500;720;15000000
5/11/24 12:56:50;3720.2;0.9;180;1500;720;15000000
5/11/24 12:56:55;3725.4;0.9;180;1500;730;15000000
5/11/24 12:57:00;3730.1;0.9;180;1500;730;15000000
5/11/24 12:57:05;3735.5;0.9;180;1500;714;15000000
5/11/24 12:57:10;3740.2;0.9;180;1500;714;15000000
5/11/24 12:57:15;3745.4;0.9;180;1500;724;15000000
5/11/24 12:57:20;3750.2;0.9;180;1500;724;15000000
5/11/24 12:57:25;3755.4;0.9;180;1500;720;15000000
5/11/24 12:57:30;3760.2;0.9;180;1500;720;15000000
5/11/24 12:57:35;3765.3;0.9;180;1500;721;15000000
5/11/24 12:57:40;3770.2;0.9;180;1500;721;15000000
5/11/24 12:57:45;3775.3;0.9;180;1500;733;15000000
5/11/24 12:57:51;3782.6;0.9;180;1500;733;15000000
5/11/24 12:58:01;3790.3;0.9;180;1500;710;15000000
5/11/24 12:58:06;3795.5;0.9;180;1500;721;15000000
5/11/24 12:58:11;3800.3;0.9;180;1500;721;15000000
5/11/24 12:58:16;3805.5;0.9;180;1500;721;15000000
5/11/24 12:58:21;3810.2;0.9;180;1500;721;15000000
5/11/24 12:58:26;3815.4;0.9;180;1500;721;15000000
5/11/24 12:58:31;3820.2;0.9;180;1500;720;15000000
5/11/24 12:58:36;3825.4;0.9;180;1500;716;15000000
5/11/24 12:58:41;3830.3;0.9;180;1500;716;15000000
5/11/24 12:58:46;3835.5;0.9;180;1500;726;15000000
5/11/24 12:58:51;3840.4;0.9;180;1500;726;15000000
5/11/24 12:58:56;3845.5;0.9;180;1500;715;15000000
5/11/24 12:59:01;3850.3;0.9;180;1500;715;15000000
5/11/24 12:59:06;3855.5;0.9;180;1500;729;15000000
5/11/24 12:59:11;3860.2;0.9;180;1500;729;15000000
5/11/24 12:59:16;3865.4;0.9;180;1500;729;15000000
5/11/24 12:59:21;3870.6;0.9;180;1500;726;15000000
5/11/24 12:59:26;3875.6;0.9;180;1500;721;15000000
5/11/24 12:59:31;3880.5;0.9;180;1500;721;15000000
5/11/24 12:59:36;3885.6;0.9;180;1500;718;15000000
5/11/24 12:59:41;3890.5;0.9;180;1500;718;15000000
5/11/24 12:59:46;3895.6;0.9;180;1500;711;15000000
5/11/24 12:59:51;3900.3;0.8;160;1500;711;13333333.33
5/11/24 12:59:56;3905.5;0.8;160;1500;720;13333333.33
5/11/24 13:00:01;3910.5;0.8;160;1500;720;13333333.33
5/11/24 13:00:06;3915.6;0.8;160;1500;718;13333333.33
5/11/24 13:00:11;3920.4;0.8;160;1500;718;13333333.33
5/11/24 13:00:16;3925.6;0.8;160;1500;714;13333333.33
5/11/24 13:00:21;3930.4;0.8;160;1500;714;13333333.33
5/11/24 13:00:26;3935.6;0.8;160;1500;721;13333333.33
5/11/24 13:00:31;3940.5;0.8;160;1500;721;13333333.33
5/11/24 13:00:36;3945.7;0.8;160;1500;718;13333333.33
5/11/24 13:00:41;3950.8;0.8;160;1500;718;13333333.33
5/11/24 13:00:46;3955.8;0.8;160;1500;723;13333333.33
5/11/24 13:00:51;3960.6;0.8;160;1500;723;13333333.33
5/11/24 13:00:56;3965.7;0.8;160;1500;731;13333333.33
5/11/24 13:01:01;3970.6;0.8;160;1500;731;13333333.33
5/11/24 13:01:06;3975.7;0.8;160;1500;731;13333333.33
5/11/24 13:01:11;3980.8;0.8;160;1500;731;13333333.33
5/11/24 13:01:16;3985.7;0.8;160;1500;726;13333333.33
5/11/24 13:01:21;3990.7;0.8;160;1500;726;13333333.33
5/11/24 13:01:26;3995.7;0.8;160;1500;718;13333333.33
5/11/24 13:01:31;4000.7;0.8;160;1500;718;13333333.33
5/11/24 13:01:36;4005.7;0.8;160;1500;731;13333333.33
5/11/24 13:01:41;4010.8;0.8;160;1500;731;13333333.33
5/11/24 13:01:46;4015.8;0.8;160;1500;721;13333333.33
5/11/24 13:01:51;4020.8;0.8;160;1500;721;13333333.33
5/11/24 13:01:56;4025.8;0.8;160;1500;725;13333333.33
5/11/24 13:02:01;4030.8;0.8;160;1500;725;13333333.33
5/11/24 13:02:06;4035.8;0.8;160;1500;715;13333333.33
5/11/24 13:02:11;4040.8;0.8;160;1500;715;13333333.33
5/11/24 13:02:16;4045.8;0.8;160;1500;725;13333333.33
5/11/24 13:02:21;4050.8;0.8;160;1500;725;13333333.33
5/11/24 13:02:26;4055.8;0.8;160;1500;719;13333333.33
5/11/24 13:02:31;4060.8;0.8;160;1500;719;13333333.33
5/11/24 13:02:36;4065.8;0.8;160;1500;720;13333333.33
5/11/24 13:02:41;4070.8;0.8;160;1500;720;13333333.33
5/11/24 13:02:46;4075.9;0.8;160;1500;726;13333333.33
5/11/24 13:02:51;4080.8;0.8;160;1500;726;13333333.33
5/11/24 13:02:56;4085.8;0.8;160;1500;729;13333333.33
5/11/24 13:03:01;4090.8;0.8;160;1500;729;13333333.33
5/11/24 13:03:06;4095.9;0.8;160;1500;719;13333333.33
5/11/24 13:03:11;4100.8;0.8;160;1500;719;13333333.33
5/11/24 13:03:16;4105.9;0.8;160;1500;738;13333333.33
5/11/24 13:03:21;4110.8;0.8;160;1500;738;13333333.33
5/11/24 13:03:26;4115.9;0.8;160;1500;719;13333333.33
5/11/24 13:03:31;4120.9;0.8;160;1500;719;13333333.33
5/11/24 13:03:36;4125.9;0.8;160;1500;723;13333333.33
5/11/24 13:03:41;4130.9;0.8;160;1500;723;13333333.33
5/11/24 13:03:46;4136;0.8;160;1500;719;13333333.33
5/11/24 13:03:51;4140.9;0.8;160;1500;719;13333333.33
5/11/24 13:03:56;4145.9;0.8;160;1500;723;13333333.33
5/11/24 13:04:01;4150.8;0.8;160;1500;723;13333333.33
5/11/24 13:04:06;4156;0.8;160;1500;721;13333333.33
5/11/24 13:04:11;4160.9;0.8;160;1500;721;13333333.33
5/11/24 13:04:16;4165.9;0.8;160;1500;723;13333333.33
5/11/24 13:04:21;4170.9;0.8;160;1500;723;13333333.33
5/11/24 13:04:26;4175.9;0.8;160;1500;726;13333333.33
5/11/24 13:04:31;4181;0.8;160;1500;726;13333333.33
5/11/24 13:04:36;4186.1;0.8;160;1500;722;13333333.33
5/11/24 13:04:41;4190.9;0.8;160;1500;722;13333333.33
5/11/24 13:04:46;4196.1;0.8;160;1500;728;13333333.33
5/11/24 13:04:51;4201;0.7;140;1500;728;11666666.67
5/11/24 13:04:56;4206.2;0.7;140;1500;734;11666666.67
5/11/24 13:05:01;4211;0.7;140;1500;734;11666666.67
5/11/24 13:05:06;4216;0.7;140;1500;720;11666666.67
5/11/24 13:05:11;4221;0.7;140;1500;720;11666666.67
5/11/24 13:05:16;4226.1;0.7;140;1500;721;11666666.67
5/11/24 13:05:21;4231;0.7;140;1500;721;11666666.67
5/11/24 13:05:26;4236;0.7;140;1500;721;11666666.67
5/11/24 13:05:31;4240.9;0.7;140;1500;721;11666666.67
5/11/24 13:05:36;4246.1;0.7;140;1500;713;11666666.67
5/11/24 13:05:41;4251;0.7;140;1500;713;11666666.67
5/11/24 13:05:46;4256.2;0.7;140;1500;724;11666666.67
5/11/24 13:05:51;4261;0.7;140;1500;724;11666666.67
5/11/24 13:05:56;4266.1;0.7;140;1500;716;11666666.67
5/11/24 13:06:01;4271.1;0.7;140;1500;716;11666666.67
5/11/24 13:06:06;4276.1;0.7;140;1500;723;11666666.67
5/11/24 13:06:11;4281.1;0.7;140;1500;723;11666666.67
5/11/24 13:06:16;4286.1;0.7;140;1500;730;11666666.67
5/11/24 13:06:21;4291.2;0.7;140;1500;730;11666666.67
5/11/24 13:06:26;4296.2;0.7;140;1500;719;11666666.67
5/11/24 13:06:31;4301.2;0.7;140;1500;719;11666666.67
5/11/24 13:06:36;4306.1;0.7;140;1500;718;11666666.67
5/11/24 13:06:41;4311.2;0.7;140;1500;718;11666666.67
5/11/24 13:06:46;4316.2;0.7;140;1500;722;11666666.67
5/11/24 13:06:51;4321.1;0.7;140;1500;722;11666666.67
5/11/24 13:06:56;4326.2;0.7;140;1500;726;11666666.67
5/11/24 13:07:01;4331.3;0.7;140;1500;726;11666666.67
5/11/24 13:07:06;4336.3;0.7;140;1500;728;11666666.67
5/11/24 13:07:11;4341.4;0.7;140;1500;728;11666666.67
5/11/24 13:07:17;4346.3;0.7;140;1500;720;11666666.67
5/11/24 13:07:22;4351.2;0.7;140;1500;720;11666666.67
5/11/24 13:07:27;4356.2;0.7;140;1500;724;11666666.67
5/11/24 13:07:32;4361.2;0.7;140;1500;724;11666666.67
5/11/24 13:07:37;4366.4;0.7;140;1500;720;11666666.67
5/11/24 13:07:42;4371.4;0.7;140;1500;720;11666666.67
5/11/24 13:07:47;4376.4;0.7;140;1500;719;11666666.67
5/11/24 13:07:52;4382.5;0.7;140;1500;719;11666666.67
5/11/24 13:07:57;4386.4;0.7;140;1500;717;11666666.67
5/11/24 13:08:02;4391.4;0.7;140;1500;717;11666666.67
5/11/24 13:08:07;4396.4;0.7;140;1500;714;11666666.67
5/11/24 13:08:12;4401.3;0.7;140;1500;714;11666666.67
5/11/24 13:08:17;4406.3;0.7;140;1500;731;11666666.67
5/11/24 13:08:22;4411.3;0.7;140;1500;731;11666666.67
5/11/24 13:08:27;4416.4;0.7;140;1500;729;11666666.67
5/11/24 13:08:32;4421.4;0.7;140;1500;729;11666666.67
5/11/24 13:08:37;4426.5;0.7;140;1500;723;11666666.67
5/11/24 13:08:42;4431.4;0.7;140;1500;723;11666666.67
5/11/24 13:08:47;4436.4;0.7;140;1500;724;11666666.67
5/11/24 13:08:52;4442.6;0.7;140;1500;724;11666666.67
5/11/24 13:08:57;4446.4;0.7;140;1500;721;11666666.67
5/11/24 13:09:02;4451.4;0.7;140;1500;721;11666666.67
5/11/24 13:09:07;4456.5;0.7;140;1500;727;11666666.67
5/11/24 13:09:12;4461.5;0.7;140;1500;727;11666666.67
5/11/24 13:09:17;4466.4;0.7;140;1500;727;11666666.67
5/11/24 13:09:22;4471.8;0.7;140;1500;727;11666666.67
5/11/24 13:09:27;4476.5;0.7;140;1500;713;11666666.67
5/11/24 13:09:32;4481.5;0.7;140;1500;713;11666666.67
5/11/24 13:09:37;4486.5;0.7;140;1500;716;11666666.67
5/11/24 13:09:42;4491.5;0.7;140;1500;716;11666666.67
5/11/24 13:09:47;4496.5;0.7;140;1500;724;11666666.67
5/11/24 13:09:52;4502.6;0.6;120;1500;724;10000000
5/11/24 13:09:57;4506.5;0.6;120;1500;719;10000000
5/11/24 13:10:02;4511.5;0.6;120;1500;719;10000000
5/11/24 13:10:07;4516.7;0.6;120;1500;725;10000000
5/11/24 13:10:12;4521.6;0.6;120;1500;725;10000000
5/11/24 13:10:17;4526.6;0.6;120;1500;725;10000000
5/11/24 13:10:22;4531.6;0.6;120;1500;725;10000000
5/11/24 13:10:27;4536.5;0.6;120;1500;711;10000000
5/11/24 13:10:32;4541.5;0.6;120;1500;711;10000000
5/11/24 13:10:37;4546.5;0.6;120;1500;711;10000000
5/11/24 13:10:42;4551.6;0.6;120;1500;711;10000000
5/11/24 13:10:47;4556.6;0.6;120;1500;712;10000000
5/11/24 13:10:52;4562.7;0.6;120;1500;712;10000000
5/11/24 13:10:57;4566.6;0.6;120;1500;719;10000000
5/11/24 13:11:02;4571.6;0.6;120;1500;719;10000000
5/11/24 13:11:07;4576.6;0.6;120;1500;721;10000000
5/11/24 13:11:12;4581.5;0.6;120;1500;721;10000000
5/11/24 13:11:17;4586.5;0.6;120;1500;723;10000000
5/11/24 13:11:22;4591.5;0.6;120;1500;723;10000000
5/11/24 13:11:27;4596.6;0.6;120;1500;722;10000000
5/11/24 13:11:32;4601.6;0.6;120;1500;722;10000000
5/11/24 13:11:37;4606.7;0.6;120;1500;720;10000000
5/11/24 13:11:42;4611.7;0.6;120;1500;720;10000000
5/11/24 13:11:47;4616.7;0.6;120;1500;715;10000000
5/11/24 13:11:52;4623;0.6;120;1500;715;10000000
5/11/24 13:11:57;4626.8;0.6;120;1500;713;10000000
5/11/24 13:12:02;4631.7;0.6;120;1500;713;10000000
5/11/24 13:12:07;4636.8;0.6;120;1500;711;10000000
5/11/24 13:12:12;4641.7;0.6;120;1500;711;10000000
5/11/24 13:12:17;4646.9;0.6;120;1500;717;10000000
5/11/24 13:12:22;4651.9;0.6;120;1500;717;10000000
5/11/24 13:12:27;4656.6;0.6;120;1500;720;10000000
5/11/24 13:12:32;4661.7;0.6;120;1500;720;10000000
5/11/24 13:12:37;4666.7;0.6;120;1500;721;10000000
5/11/24 13:12:42;4671.7;0.6;120;1500;721;10000000
5/11/24 13:12:47;4676.9;0.6;120;1500;719;10000000
5/11/24 13:12:52;4682.9;0.6;120;1500;719;10000000
5/11/24 13:12:57;4686.9;0.6;120;1500;717;10000000
5/11/24 13:13:02;4691.9;0.6;120;1500;717;10000000
5/11/24 13:13:07;4696.8;0.6;120;1500;725;10000000
5/11/24 13:13:12;4701.8;0.6;120;1500;725;10000000
5/11/24 13:13:17;4706.8;0.6;120;1500;718;10000000
5/11/24 13:13:22;4711.7;0.6;120;1500;718;10000000
5/11/24 13:13:27;4717.1;0.6;120;1500;718;10000000
5/11/24 13:13:32;4721.9;0.6;120;1500;718;10000000
5/11/24 13:13:37;4726.9;0.6;120;1500;719;10000000
5/11/24 13:13:42;4731.9;0.6;120;1500;719;10000000
5/11/24 13:13:47;4736.9;0.6;120;1500;726;10000000
5/11/24 13:13:52;4742.8;0.6;120;1500;726;10000000
5/11/24 13:13:57;4746.9;0.6;120;1500;715;10000000
5/11/24 13:14:02;4751.8;0.6;120;1500;715;10000000
5/11/24 13:14:07;4757.1;0.6;120;1500;723;10000000
5/11/24 13:14:12;4762.1;0.6;120;1500;723;10000000
5/11/24 13:14:17;4767.1;0.6;120;1500;720;10000000
5/11/24 13:14:22;4772;0.6;120;1500;720;10000000
5/11/24 13:14:27;4777.1;0.6;120;1500;727;10000000
5/11/24 13:14:32;4782;0.6;120;1500;727;10000000
5/11/24 13:14:37;4787.4;0.6;120;1500;729;10000000
5/11/24 13:14:42;4791.9;0.6;120;1500;729;10000000
5/11/24 13:14:47;4797.1;0.6;120;1500;720;10000000
5/11/24 13:14:52;4803.1;0.5;100;1500;720;8333333.333
5/11/24 13:14:57;4807.3;0.5;100;1500;720;8333333.333
5/11/24 13:15:02;4812.1;0.5;100;1500;720;8333333.333
5/11/24 13:15:07;4817.1;0.5;100;1500;719;8333333.333
5/11/24 13:15:12;4822.2;0.5;100;1500;719;8333333.333
5/11/24 13:15:17;4827;0.5;100;1500;716;8333333.333
5/11/24 13:15:22;4832.1;0.5;100;1500;716;8333333.333
5/11/24 13:15:27;4837.1;0.5;100;1500;716;8333333.333
5/11/24 13:15:32;4842.2;0.5;100;1500;716;8333333.333
5/11/24 13:15:37;4847.2;0.5;100;1500;727;8333333.333
5/11/24 13:15:42;4852.2;0.5;100;1500;727;8333333.333
5/11/24 13:15:47;4857.2;0.5;100;1500;723;8333333.333
5/11/24 13:15:52;4863.3;0.5;100;1500;723;8333333.333
5/11/24 13:15:57;4867.2;0.5;100;1500;725;8333333.333
5/11/24 13:16:02;4872.1;0.5;100;1500;725;8333333.333
5/11/24 13:16:07;4877.3;0.5;100;1500;711;8333333.333
5/11/24 13:16:12;4882.2;0.5;100;1500;711;8333333.333
5/11/24 13:16:17;4887.3;0.5;100;1500;714;8333333.333
5/11/24 13:16:22;4892.5;0.5;100;1500;714;8333333.333
5/11/24 13:16:27;4897.3;0.5;100;1500;717;8333333.333
5/11/24 13:16:32;4902.2;0.5;100;1500;717;8333333.333
5/11/24 13:16:37;4907.2;0.5;100;1500;719;8333333.333
5/11/24 13:16:42;4912.2;0.5;100;1500;719;8333333.333
5/11/24 13:16:47;4917.2;0.5;100;1500;715;8333333.333
5/11/24 13:16:52;4923.2;0.5;100;1500;715;8333333.333
5/11/24 13:16:57;4927.1;0.5;100;1500;721;8333333.333
5/11/24 13:17:03;4932.3;0.5;100;1500;721;8333333.333
5/11/24 13:17:08;4937.3;0.5;100;1500;710;8333333.333
5/11/24 13:17:13;4942.3;0.5;100;1500;710;8333333.333
5/11/24 13:17:18;4947.3;0.5;100;1500;712;8333333.333
5/11/24 13:17:23;4952.3;0.5;100;1500;712;8333333.333
5/11/24 13:17:28;4957.3;0.5;100;1500;725;8333333.333
5/11/24 13:17:33;4962.3;0.5;100;1500;725;8333333.333
5/11/24 13:17:38;4967.2;0.5;100;1500;726;8333333.333
5/11/24 13:17:43;4972.2;0.5;100;1500;726;8333333.333
5/11/24 13:17:48;4977.2;0.5;100;1500;720;8333333.333
5/11/24 13:17:53;4983.4;0.5;100;1500;720;8333333.333
5/11/24 13:17:58;4987.3;0.5;100;1500;721;8333333.333
5/11/24 13:18:03;4992.4;0.5;100;1500;721;8333333.333
5/11/24 13:18:08;4997.3;0.5;100;1500;718;8333333.333
5/11/24 13:18:13;5002.4;0.5;100;1500;718;8333333.333
5/11/24 13:18:18;5007.3;0.5;100;1500;708;8333333.333
5/11/24 13:18:23;5012.3;0.5;100;1500;708;8333333.333
5/11/24 13:18:28;5017.4;0.5;100;1500;720;8333333.333
5/11/24 13:18:33;5022.5;0.5;100;1500;720;8333333.333
5/11/24 13:18:38;5027.5;0.5;100;1500;715;8333333.333
5/11/24 13:18:43;5032.5;0.5;100;1500;715;8333333.333
5/11/24 13:18:48;5037.4;0.5;100;1500;716;8333333.333
5/11/24 13:18:53;5043.5;0.5;100;1500;716;8333333.333
5/11/24 13:18:58;5047.4;0.5;100;1500;709;8333333.333
5/11/24 13:19:03;5052.3;0.5;100;1500;709;8333333.333
5/11/24 13:19:08;5057.2;0.5;100;1500;718;8333333.333
5/11/24 13:19:13;5062.5;0.5;100;1500;718;8333333.333
5/11/24 13:19:18;5067.4;0.5;100;1500;715;8333333.333
5/11/24 13:19:23;5072.8;0.5;100;1500;715;8333333.333
5/11/24 13:19:28;5077.5;0.5;100;1500;722;8333333.333
5/11/24 13:19:33;5082.5;0.5;100;1500;722;8333333.333
5/11/24 13:19:38;5087.5;0.5;100;1500;716;8333333.333
5/11/24 13:19:43;5092.5;0.5;100;1500;716;8333333.333
5/11/24 13:19:48;5097.6;0.5;100;1500;720;8333333.333
5/11/24 13:19:53;5103.7;0.4;80;1500;720;6666666.667
5/11/24 13:19:58;5107.7;0.4;80;1500;719;6666666.667
5/11/24 13:20:03;5112.6;0.4;80;1500;719;6666666.667
5/11/24 13:20:08;5117.6;0.4;80;1500;714;6666666.667
5/11/24 13:20:13;5122.6;0.4;80;1500;714;6666666.667
5/11/24 13:20:18;5127.5;0.4;80;1500;720;6666666.667
5/11/24 13:20:23;5132.5;0.4;80;1500;720;6666666.667
5/11/24 13:20:28;5137.6;0.4;80;1500;721;6666666.667
5/11/24 13:20:33;5142.6;0.4;80;1500;721;6666666.667
5/11/24 13:20:38;5147.7;0.4;80;1500;723;6666666.667
5/11/24 13:20:43;5152.6;0.4;80;1500;723;6666666.667
5/11/24 13:20:48;5157.6;0.4;80;1500;720;6666666.667
5/11/24 13:20:53;5163.7;0.4;80;1500;720;6666666.667
5/11/24 13:20:58;5167.7;0.4;80;1500;726;6666666.667
5/11/24 13:21:03;5172.6;0.4;80;1500;726;6666666.667
5/11/24 13:21:08;5177.8;0.4;80;1500;714;6666666.667
5/11/24 13:21:13;5182.8;0.4;80;1500;714;6666666.667
5/11/24 13:21:18;5187.8;0.4;80;1500;718;6666666.667
5/11/24 13:21:23;5192.8;0.4;80;1500;718;6666666.667
5/11/24 13:21:28;5197.7;0.4;80;1500;714;6666666.667
5/11/24 13:21:33;5202.8;0.4;80;1500;714;6666666.667
5/11/24 13:21:38;5207.7;0.4;80;1500;716;6666666.667
5/11/24 13:21:43;5212.7;0.4;80;1500;716;6666666.667
5/11/24 13:21:48;5217.8;0.4;80;1500;713;6666666.667
5/11/24 13:21:53;5223.9;0.4;80;1500;713;6666666.667
5/11/24 13:21:58;5227.8;0.4;80;1500;712;6666666.667
5/11/24 13:22:03;5232.8;0.4;80;1500;712;6666666.667
5/11/24 13:22:08;5237.9;0.4;80;1500;725;6666666.667
5/11/24 13:22:13;5242.8;0.4;80;1500;725;6666666.667
5/11/24 13:22:18;5247.9;0.4;80;1500;717;6666666.667
5/11/24 13:22:23;5252.8;0.4;80;1500;717;6666666.667
5/11/24 13:22:28;5257.8;0.4;80;1500;718;6666666.667
5/11/24 13:22:33;5262.9;0.4;80;1500;718;6666666.667
5/11/24 13:22:38;5267.9;0.4;80;1500;717;6666666.667
5/11/24 13:22:43;5272.9;0.4;80;1500;717;6666666.667
5/11/24 13:22:48;5277.9;0.4;80;1500;714;6666666.667
5/11/24 13:22:53;5284;0.4;80;1500;714;6666666.667
5/11/24 13:22:58;5287.9;0.4;80;1500;721;6666666.667
5/11/24 13:23:03;5292.9;0.4;80;1500;721;6666666.667
5/11/24 13:23:08;5297.8;0.4;80;1500;722;6666666.667
5/11/24 13:23:13;5302.8;0.4;80;1500;722;6666666.667
5/11/24 13:23:18;5307.8;0.4;80;1500;718;6666666.667
5/11/24 13:23:23;5312.8;0.4;80;1500;718;6666666.667
5/11/24 13:23:28;5317.9;0.4;80;1500;719;6666666.667
5/11/24 13:23:33;5322.9;0.4;80;1500;719;6666666.667
5/11/24 13:23:38;5328;0.4;80;1500;721;6666666.667
5/11/24 13:23:43;5333;0.4;80;1500;721;6666666.667
5/11/24 13:23:48;5338;0.4;80;1500;717;6666666.667
5/11/24 13:23:53;5343.9;0.4;80;1500;717;6666666.667
5/11/24 13:23:58;5347.9;0.4;80;1500;713;6666666.667
5/11/24 13:24:03;5353;0.4;80;1500;713;6666666.667
5/11/24 13:24:08;5358;0.4;80;1500;718;6666666.667
5/11/24 13:24:13;5363;0.4;80;1500;718;6666666.667
5/11/24 13:24:18;5368;0.4;80;1500;714;6666666.667
5/11/24 13:24:23;5373;0.4;80;1500;714;6666666.667
5/11/24 13:24:28;5378.3;0.4;80;1500;710;6666666.667
5/11/24 13:24:33;5383.3;0.4;80;1500;710;6666666.667
5/11/24 13:24:38;5388.5;0.4;80;1500;714;6666666.667
5/11/24 13:24:43;5393.3;0.4;80;1500;714;6666666.667
5/11/24 13:24:48;5398.2;0.4;80;1500;723;6666666.667
5/11/24 13:24:53;5404.2;0.3;60;1500;723;5000000
5/11/24 13:24:58;5408.4;0.3;60;1500;725;5000000
5/11/24 13:25:03;5413.2;0.3;60;1500;725;5000000
5/11/24 13:25:08;5418.1;0.3;60;1500;712;5000000
5/11/24 13:25:13;5423.1;0.3;60;1500;712;5000000
5/11/24 13:25:18;5428;0.3;60;1500;714;5000000
5/11/24 13:25:23;5433;0.3;60;1500;714;5000000
5/11/24 13:25:28;5438;0.3;60;1500;709;5000000
5/11/24 13:25:33;5443;0.3;60;1500;709;5000000
5/11/24 13:25:38;5448.1;0.3;60;1500;712;5000000
5/11/24 13:25:43;5453.1;0.3;60;1500;712;5000000
5/11/24 13:25:48;5458.3;0.3;60;1500;717;5000000
5/11/24 13:25:53;5464.1;0.3;60;1500;717;5000000
5/11/24 13:25:58;5468.1;0.3;60;1500;706;5000000
5/11/24 13:26:03;5473.1;0.3;60;1500;706;5000000
5/11/24 13:26:08;5478;0.3;60;1500;714;5000000
5/11/24 13:26:13;5483.4;0.3;60;1500;714;5000000
5/11/24 13:26:18;5488.3;0.3;60;1500;710;5000000
5/11/24 13:26:23;5493.3;0.3;60;1500;710;5000000
5/11/24 13:26:28;5498.3;0.3;60;1500;719;5000000
5/11/24 13:26:34;5503.3;0.3;60;1500;719;5000000
5/11/24 13:26:39;5508.2;0.3;60;1500;712;5000000
5/11/24 13:26:44;5513.4;0.3;60;1500;712;5000000
5/11/24 13:26:49;5518.5;0.3;60;1500;712;5000000
5/11/24 13:26:54;5524.5;0.3;60;1500;712;5000000
5/11/24 13:26:59;5528.3;0.3;60;1500;704;5000000
5/11/24 13:27:04;5533.4;0.3;60;1500;704;5000000
5/11/24 13:27:09;5538.4;0.3;60;1500;704;5000000
5/11/24 13:27:14;5543.3;0.3;60;1500;704;5000000
5/11/24 13:27:19;5548.3;0.3;60;1500;704;5000000
5/11/24 13:27:24;5553.3;0.3;60;1500;704;5000000
5/11/24 13:27:29;5558.4;0.3;60;1500;708;5000000
5/11/24 13:27:34;5563.4;0.3;60;1500;708;5000000
5/11/24 13:27:39;5568.5;0.3;60;1500;712;5000000
5/11/24 13:27:44;5573.5;0.3;60;1500;712;5000000
5/11/24 13:27:49;5578.5;0.3;60;1500;704;5000000
5/11/24 13:27:54;5584.6;0.3;60;1500;704;5000000
5/11/24 13:27:59;5588.5;0.3;60;1500;707;5000000
5/11/24 13:28:04;5593.4;0.3;60;1500;707;5000000
5/11/24 13:28:09;5598.5;0.3;60;1500;708;5000000
5/11/24 13:28:14;5603.4;0.3;60;1500;708;5000000
5/11/24 13:28:19;5608.5;0.3;60;1500;714;5000000
5/11/24 13:28:24;5613.5;0.3;60;1500;714;5000000
5/11/24 13:28:29;5618.5;0.3;60;1500;706;5000000
5/11/24 13:28:34;5623.5;0.3;60;1500;706;5000000
5/11/24 13:28:39;5628.5;0.3;60;1500;715;5000000
5/11/24 13:28:44;5633.5;0.3;60;1500;715;5000000
5/11/24 13:28:49;5638.4;0.3;60;1500;708;5000000
5/11/24 13:28:54;5644.5;0.3;60;1500;708;5000000
5/11/24 13:28:59;5648.5;0.3;60;1500;709;5000000
5/11/24 13:29:04;5653.4;0.3;60;1500;709;5000000
5/11/24 13:29:09;5658.6;0.3;60;1500;715;5000000
5/11/24 13:29:14;5663.6;0.3;60;1500;715;5000000
5/11/24 13:29:19;5668.6;0.3;60;1500;716;5000000
5/11/24 13:29:24;5673.9;0.3;60;1500;716;5000000
5/11/24 13:29:29;5678.6;0.3;60;1500;722;5000000
5/11/24 13:29:34;5683.5;0.3;60;1500;722;5000000
5/11/24 13:29:39;5688.5;0.3;60;1500;717;5000000
5/11/24 13:29:44;5693.5;0.3;60;1500;717;5000000
5/11/24 13:29:49;5698.6;0.3;60;1500;717;5000000
5/11/24 13:29:54;5704.6;0.2;40;1500;717;3333333.333
5/11/24 13:29:59;5708.6;0.2;40;1500;709;3333333.333
5/11/24 13:30:04;5713.6;0.2;40;1500;709;3333333.333
5/11/24 13:30:09;5718.6;0.2;40;1500;716;3333333.333
5/11/24 13:30:14;5723.6;0.2;40;1500;716;3333333.333
5/11/24 13:30:19;5728.6;0.2;40;1500;706;3333333.333
5/11/24 13:30:24;5733.6;0.2;40;1500;706;3333333.333
5/11/24 13:30:29;5738.7;0.2;40;1500;711;3333333.333
5/11/24 13:30:34;5743.8;0.2;40;1500;711;3333333.333
5/11/24 13:30:39;5748.8;0.2;40;1500;712;3333333.333
5/11/24 13:30:44;5753.8;0.2;40;1500;712;3333333.333
5/11/24 13:30:49;5758.9;0.2;40;1500;715;3333333.333
5/11/24 13:30:54;5764.7;0.2;40;1500;715;3333333.333
5/11/24 13:30:59;5768.7;0.2;40;1500;708;3333333.333
5/11/24 13:31:04;5773.8;0.2;40;1500;708;3333333.333
5/11/24 13:31:09;5778.8;0.2;40;1500;711;3333333.333
5/11/24 13:31:14;5783.8;0.2;40;1500;711;3333333.333
5/11/24 13:31:19;5788.9;0.2;40;1500;713;3333333.333
5/11/24 13:31:24;5793.8;0.2;40;1500;713;3333333.333
5/11/24 13:31:29;5798.8;0.2;40;1500;714;3333333.333
5/11/24 13:31:34;5803.7;0.2;40;1500;714;3333333.333
5/11/24 13:31:39;5808.7;0.2;40;1500;707;3333333.333
5/11/24 13:31:44;5813.7;0.2;40;1500;707;3333333.333
5/11/24 13:31:49;5818.9;0.2;40;1500;703;3333333.333
5/11/24 13:31:54;5825;0.2;40;1500;703;3333333.333
5/11/24 13:31:59;5829;0.2;40;1500;717;3333333.333
5/11/24 13:32:04;5834;0.2;40;1500;717;3333333.333
5/11/24 13:32:09;5838.9;0.2;40;1500;714;3333333.333
5/11/24 13:32:14;5843.9;0.2;40;1500;714;3333333.333
5/11/24 13:32:19;5848.9;0.2;40;1500;711;3333333.333
5/11/24 13:32:24;5854;0.2;40;1500;711;3333333.333
5/11/24 13:32:29;5859;0.2;40;1500;712;3333333.333
5/11/24 13:32:34;5864;0.2;40;1500;712;3333333.333
5/11/24 13:32:39;5869;0.2;40;1500;706;3333333.333
5/11/24 13:32:44;5874;0.2;40;1500;706;3333333.333
5/11/24 13:32:49;5879;0.2;40;1500;711;3333333.333
5/11/24 13:32:54;5884.9;0.2;40;1500;711;3333333.333
5/11/24 13:32:59;5888.9;0.2;40;1500;700;3333333.333
5/11/24 13:33:04;5893.9;0.2;40;1500;700;3333333.333
5/11/24 13:33:09;5898.9;0.2;40;1500;708;3333333.333
5/11/24 13:33:14;5904.1;0.2;40;1500;708;3333333.333
5/11/24 13:33:19;5909.1;0.2;40;1500;713;3333333.333
5/11/24 13:33:24;5914.1;0.2;40;1500;713;3333333.333
5/11/24 13:33:29;5919;0.2;40;1500;705;3333333.333
5/11/24 13:33:34;5924;0.2;40;1500;705;3333333.333
5/11/24 13:33:39;5929;0.2;40;1500;704;3333333.333
5/11/24 13:33:44;5934.1;0.2;40;1500;704;3333333.333
5/11/24 13:33:49;5939.1;0.2;40;1500;705;3333333.333
5/11/24 13:33:54;5945.2;0.2;40;1500;705;3333333.333
5/11/24 13:33:59;5949.1;0.2;40;1500;710;3333333.333
5/11/24 13:34:04;5954.1;0.2;40;1500;710;3333333.333
5/11/24 13:34:09;5959.1;0.2;40;1500;712;3333333.333
5/11/24 13:34:14;5964.3;0.2;40;1500;712;3333333.333
5/11/24 13:34:19;5969;0.2;40;1500;713;3333333.333
5/11/24 13:34:24;5974.1;0.2;40;1500;713;3333333.333
5/11/24 13:34:29;5979.1;0.2;40;1500;705;3333333.333
5/11/24 13:34:34;5984.2;0.2;40;1500;705;3333333.333
5/11/24 13:34:39;5989.2;0.2;40;1500;714;3333333.333
5/11/24 13:34:44;5994.2;0.2;40;1500;714;3333333.333
5/11/24 13:34:49;5999.2;0.2;40;1500;707;3333333.333
5/11/24 13:34:54;6005.4;0.1;20;1500;707;1666666.667
5/11/24 13:34:59;6009.2;0.1;20;1500;715;1666666.667
5/11/24 13:35:04;6014.1;0.1;20;1500;715;1666666.667
5/11/24 13:35:09;6019;0.1;20;1500;715;1666666.667
5/11/24 13:35:14;6024;0.1;20;1500;715;1666666.667
5/11/24 13:35:19;6029.1;0.1;20;1500;701;1666666.667
5/11/24 13:35:24;6034.6;0.1;20;1500;701;1666666.667
5/11/24 13:35:29;6039.1;0.1;20;1500;704;1666666.667
5/11/24 13:35:34;6044.2;0.1;20;1500;704;1666666.667
5/11/24 13:35:40;6049.3;0.1;20;1500;701;1666666.667
5/11/24 13:35:45;6054.3;0.1;20;1500;701;1666666.667
5/11/24 13:35:50;6059.3;0.1;20;1500;711;1666666.667
5/11/24 13:35:55;6065.3;0.1;20;1500;711;1666666.667
5/11/24 13:36:00;6069.2;0.1;20;1500;706;1666666.667
5/11/24 13:36:05;6074.4;0.1;20;1500;706;1666666.667
5/11/24 13:36:10;6079.3;0.1;20;1500;700;1666666.667
5/11/24 13:36:15;6084.4;0.1;20;1500;700;1666666.667
5/11/24 13:36:20;6089.3;0.1;20;1500;713;1666666.667
5/11/24 13:36:25;6094.2;0.1;20;1500;713;1666666.667
5/11/24 13:36:30;6099.2;0.1;20;1500;701;1666666.667
5/11/24 13:36:35;6104.2;0.1;20;1500;701;1666666.667
5/11/24 13:36:40;6109.4;0.1;20;1500;705;1666666.667
5/11/24 13:36:45;6114.4;0.1;20;1500;705;1666666.667
5/11/24 13:36:50;6119.4;0.1;20;1500;699;1666666.667
5/11/24 13:36:55;6125.5;0.1;20;1500;699;1666666.667
5/11/24 13:37:00;6129.5;0.1;20;1500;700;1666666.667
5/11/24 13:37:05;6134.5;0.1;20;1500;700;1666666.667
5/11/24 13:37:10;6139.4;0.1;20;1500;708;1666666.667
5/11/24 13:37:15;6144.5;0.1;20;1500;708;1666666.667
5/11/24 13:37:20;6149.5;0.1;20;1500;715;1666666.667
5/11/24 13:37:25;6154.5;0.1;20;1500;715;1666666.667
5/11/24 13:37:30;6159.6;0.1;20;1500;714;1666666.667
5/11/24 13:37:35;6164.5;0.1;20;1500;714;1666666.667
5/11/24 13:37:40;6169.5;0.1;20;1500;709;1666666.667
5/11/24 13:37:45;6174.6;0.1;20;1500;709;1666666.667
5/11/24 13:37:50;6179.4;0.1;20;1500;719;1666666.667
5/11/24 13:37:55;6185.6;0.1;20;1500;719;1666666.667
5/11/24 13:38:00;6189.5;0.1;20;1500;705;1666666.667
5/11/24 13:38:05;6194.5;0.1;20;1500;705;1666666.667
5/11/24 13:38:10;6199.4;0.1;20;1500;710;1666666.667
5/11/24 13:38:15;6204.6;0.1;20;1500;710;1666666.667
5/11/24 13:38:20;6209.6;0.1;20;1500;705;1666666.667
5/11/24 13:38:25;6214.6;0.1;20;1500;705;1666666.667
5/11/24 13:38:30;6219.7;0.1;20;1500;710;1666666.667
5/11/24 13:38:35;6224.7;0.1;20;1500;710;1666666.667
5/11/24 13:38:40;6229.7;0.1;20;1500;702;1666666.667
5/11/24 13:38:45;6234.8;0.1;20;1500;702;1666666.667
5/11/24 13:38:50;6239.7;0.1;20;1500;706;1666666.667
5/11/24 13:38:55;6245.8;0.1;20;1500;706;1666666.667
5/11/24 13:39:00;6249.8;0.1;20;1500;712;1666666.667
5/11/24 13:39:05;6254.8;0.1;20;1500;712;1666666.667
5/11/24 13:39:10;6259.7;0.1;20;1500;717;1666666.667
5/11/24 13:39:15;6264.7;0.1;20;1500;717;1666666.667
5/11/24 13:39:20;6270.2;0.1;20;1500;706;1666666.667
5/11/24 13:39:25;6274.7;0.1;20;1500;706;1666666.667
5/11/24 13:39:30;6279.9;0.1;20;1500;703;1666666.667
5/11/24 13:39:35;6284.8;0.1;20;1500;703;1666666.667
5/11/24 13:39:40;6289.8;0.1;20;1500;708;1666666.667
5/11/24 13:39:45;6294.9;0.1;20;1500;708;1666666.667
5/11/24 13:39:50;6299.8;0.1;20;1500;715;1666666.667
5/11/24 13:39:55;6305.7;0;0;1500;715;0
5/11/24 13:40:00;6309.9;0;0;1500;701;0
5/11/24 13:40:05;6314.7;0;0;1500;701;0
5/11/24 13:40:10;6319.8;0;0;1500;701;0
5/11/24 13:40:15;6324.9;0;0;1500;701;0
5/11/24 13:40:20;6329.9;0;0;1500;707;0
5/11/24 13:40:25;6334.8;0;0;1500;707;0
5/11/24 13:40:30;6339.8;0;0;1500;716;0
5/11/24 13:40:35;6344.7;0;0;1500;716;0
5/11/24 13:40:40;6349.7;0;0;1500;706;0
5/11/24 13:40:45;6354.7;0;0;1500;706;0
5/11/24 13:40:50;6359.9;0;0;1500;705;0
5/11/24 13:40:55;6366;0;0;1500;705;0
5/11/24 13:41:00;6369.9;0;0;1500;706;0
5/11/24 13:41:05;6374.8;0;0;1500;706;0
5/11/24 13:41:10;6379.9;0;0;1500;709;0
5/11/24 13:41:15;6384.8;0;0;1500;709;0
5/11/24 13:41:20;6389.8;0;0;1500;712;0
5/11/24 13:41:25;6394.8;0;0;1500;712;0
5/11/24 13:41:30;6399.9;0;0;1500;711;0
5/11/24 13:41:35;6404.9;0;0;1500;711;0
5/11/24 13:41:40;6409.9;0;0;1500;705;0
5/11/24 13:41:45;6414.9;0;0;1500;705;0
5/11/24 13:41:50;6420;0;0;1500;699;0
5/11/24 13:41:55;6425.9;0;0;1500;699;0
5/11/24 13:42:00;6429.8;0;0;1500;708;0
5/11/24 13:42:05;6434.8;0;0;1500;708;0
5/11/24 13:42:10;6439.8;0;0;1500;706;0
5/11/24 13:42:15;6444.9;0;0;1500;706;0
5/11/24 13:42:20;6450;0;0;1500;703;0
5/11/24 13:42:25;6455;0;0;1500;703;0
5/11/24 13:42:30;6460;0;0;1500;699;0
5/11/24 13:42:35;6465;0;0;1500;699;0
5/11/24 13:42:40;6470;0;0;1500;715;0
5/11/24 13:42:45;6475;0;0;1500;715;0
5/11/24 13:42:50;6479.9;0;0;1500;717;0
5/11/24 13:42:55;6486;0;0;1500;717;0
5/11/24 13:43:00;6490.1;0;0;1500;706;0
5/11/24 13:43:05;6495.3;0;0;1500;706;0
5/11/24 13:43:10;6500.1;0;0;1500;703;0
5/11/24 13:43:15;6505.1;0;0;1500;703;0
5/11/24 13:43:20;6510.1;0;0;1500;711;0
5/11/24 13:43:25;6515;0;0;1500;711;0
5/11/24 13:43:30;6520;0;0;1500;706;0
5/11/24 13:43:35;6525.1;0;0;1500;706;0
5/11/24 13:43:40;6530.2;0;0;1500;707;0
5/11/24 13:43:45;6535.3;0;0;1500;707;0
5/11/24 13:43:50;6540.2;0;0;1500;698;0
5/11/24 13:43:55;6546.3;0;0;1500;698;0
5/11/24 13:44:00;6550.2;0;0;1500;709;0
5/11/24 13:44:05;6555.3;0;0;1500;709;0
5/11/24 13:44:10;6560.1;0;0;1500;700;0
5/11/24 13:44:15;6565.3;0;0;1500;700;0
5/11/24 13:44:20;6570.3;0;0;1500;703;0
5/11/24 13:44:25;6575.3;0;0;1500;703;0
5/11/24 13:44:30;6580.3;0;0;1500;693;0
5/11/24 13:44:35;6585.5;0;0;1500;693;0
5/11/24 13:44:40;6590.4;0;0;1500;705;0
5/11/24 13:44:45;6595.3;0;0;1500;705;0
5/11/24 13:44:51;6600.3;0;0;1500;699;0
5/11/24 13:44:56;6606.5;0;0;1500;699;0
5/11/24 13:45:01;6610.4;0;0;1500;715;0