Frequency (kHz),SA_Noise (dBm),CA_Noise_open  (dBm),CA_Noise_cell_connected  (dBm),Probe_Noise  (dBm),Probe_Coupling_Noise  (dBm),Probe_Coupling_RF_Noise  (dBm)
0,NaN,NaN,NaN,NaN,NaN,NaN
0.036297641,-77.2687988,-77.5903988,-77.8999998,-77.8488008,-77.6296004,-77.791199
0.072595281,-105.0559998,-105.1344008,-102.8671998,-103.4807998,-103.3816024,-101.5975998
0.108892922,-107.4279996,-106.684001,-106.5199982,-106.8319992,-107.6255996,-104.7231994
0.145190563,-109.0039992,-108.9167998,-107.8999998,-108.402402,-108.6647994,-108.1271986
0.181488203,-110.0351992,-110.1432004,-96.1504,-96.6039994,-97.5903992,-96.4328004
0.217785844,-109.7632004,-110.3584016,-107.0280012,-105.884001,-105.7080018,-106.2544008
0.254083485,-110.3,-110.3527998,-106.516803,-107.8671996,-107.4424028,-104.812799
0.290381125,-112.114398,-111.553601,-104.9,-104.8023988,-101.2335998,-104.6048004
0.326678766,-112.5856002,-112.6063996,-109.5648008,-110.2584002,-108.2559982,-106.7335998
0.362976407,-113.1375992,-112.2696,-109.1192002,-109.3919998,-108.1832018,-105.921599
0.399274047,-113.064,-111.840799,-99.6152006,-99.7136002,-99.0479996,-99.115999
0.435571688,-113.3672012,-113.0287992,-98.9343996,-98.9559998,-98.2072022,-98.5544006
0.471869328,-113.4335996,-113.0712006,-108.0384018,-108.0559996,-106.817598,-105.2960006
0.508166969,-113.7504014,-113.2824004,-108.8583998,-108.8719986,-108.0895996,-103.6400006
0.54446461,-115.0399994,-114.6224016,-96.6279998,-97.0255998,-97.7472,-96.1879976
0.58076225,-114.8648012,-113.8472,-102.918399,-102.9063994,-101.4455996,-101.4055998
0.617059891,-114.9223982,-114.265599,-105.1448,-105.264,-103.5415998,-102.9504012
0.653357532,-113.9975998,-114.5623994,-101.751201,-102.1696,-100.8535996,-102.0311982
0.689655172,-115.4784012,-114.2536014,-107.1600006,-106.9895994,-106.3287994,-102.2919998
0.725952813,-114.5904008,-114.2167998,-105.1848006,-105.7080016,-104.0856004,-101.9128006
0.762250454,-114.8343994,-113.9760008,-99.6328004,-98.9888,-99.440799,-97.6112002
0.798548094,-115.9240006,-110.2527988,-97.0248002,-97.1976026,-97.3072006,-97.1104006
0.834845735,-115.7663988,-113.8072004,-104.5735992,-104.8800002,-104.6719984,-100.495999
0.871143376,-115.9192,-114.0047988,-103.8839996,-105.9231996,-103.6231996,-100.2783994
0.907441016,-116.4128006,-114.1144,-100.5864012,-101.545601,-101.440001,-99.0999984
0.943738657,-116.4104004,-114.5112016,-104.9495986,-103.7184006,-103.1568024,-99.5992002
0.980036298,-116.565599,-114.2800002,-105.1544006,-105.0216002,-104.2,-99.3640016
1.016333938,-116.8488006,-115.1688006,-100.5904006,-99.8880002,-99.1391998,-96.8631988
1.052631579,-116.5991988,-113.9888,-103.757599,-103.935202,-103.1128002,-98.6632004
1.08892922,-116.9399992,-114.664,-103.2472,-103.0543994,-102.2383988,-99.4095992
1.12522686,-117.1248,-114.4064008,-98.6087998,-97.792,-97.128,-95.0704012
1.161524501,-116.9552002,-112.2311996,-100.3127992,-99.6807998,-99.0399994,-96.9464006
1.197822142,-117.7064012,-109.3736006,-96.1199998,-96.7056,-96.6903992,-95.1168
1.234119782,-116.623999,-114.4376006,-102.2464006,-102.1687988,-101.1831986,-98.4311998
1.270417423,-116.7031998,-114.4167998,-100.1632006,-100.5391996,-99.3703996,-97.4384002
1.306715064,-117.3904008,-113.3927994,-102.0591978,-102.723201,-100.1895982,-98.4199998
1.343012704,-117.9712006,-114.062401,-102.5856004,-104.082399,-100.8448012,-97.7520002
1.379310345,-117.826399,-110.8312014,-96.2143996,-95.6056,-95.928,-95.4440002
1.415607985,-117.451201,-113.2696,-102.8824004,-102.2567992,-100.5272004,-96.4608002
1.451905626,-117.451201,-113.5272002,-101.9871994,-102.3767992,-101.459201,-97.2727996
1.488203267,-119.123999,-113.9799988,-93.731198,-94.1888002,-94.084799,-92.7623992
1.524500907,-118.2016008,-113.673599,-101.4000016,-100.7352006,-99.2423992,-96.1527998
1.560798548,-117.828,-112.4367996,-99.3248014,-99.4128006,-98.0423994,-96.1240004
1.597096189,-118.1600006,-112.5552,-98.7463974,-98.6904006,-97.6440004,-94.5759996
1.633393829,-118.2632004,-114.0696014,-100.2143996,-98.8151992,-99.1903988,-94.8264008
1.66969147,-118.4312012,-113.1432008,-101.5839996,-101.3863984,-100.1080002,-96.604799
1.705989111,-118.7367998,-113.7439986,-102.1263994,-101.8520004,-99.2776018,-97.036
1.742286751,-118.8032014,-112.4943986,-96.7912002,-96.7783994,-95.6496016,-95.3719984
1.778584392,-118.8064012,-107.621599,-93.9880004,-93.968802,-94.893599,-93.6000014
1.814882033,-117.9000002,-113.0167984,-100.6559996,-101.0471984,-98.840001,-95.2832
1.851179673,-119.0199996,-113.246399,-93.9160004,-94.582399,-93.5360002,-91.7503998
1.887477314,-118.2327988,-112.557599,-101.2279996,-99.8688004,-99.548001,-95.8080018
1.923774955,-118.7696,-112.9919996,-100.7111984,-100.0024002,-99.1847992,-94.779999
1.960072595,-118.8512024,-113.1608018,-99.6175996,-98.4424012,-98.472801,-94.8112016
1.996370236,-118.823201,-113.228,-99.8224,-99.1984008,-98.5456008,-95.1327988
2.032667877,-118.236,-113.1936006,-100.3519988,-101.1792008,-99.0968004,-94.5080018
2.068965517,-119.0927994,-113.4807982,-99.6927994,-100.6175996,-98.7880006,-94.8680006
2.105263158,-118.8007996,-112.6119994,-94.6951996,-95.2119996,-93.7551986,-93.1919998
2.141560799,-118.7063994,-111.9792008,-99.8616014,-99.0944016,-98.3231994,-94.9143996
2.177858439,-119.1951996,-107.5087998,-94.4487992,-94.0632004,-93.1632002,-92.5695982
2.21415608,-119.8456012,-112.154399,-92.0192016,-92.6671982,-91.8503996,-91.3064012
2.250453721,-119.7727996,-112.3968002,-99.7496002,-99.7671996,-97.876001,-93.5367994
2.286751361,-118.8768006,-111.7159988,-99.8479994,-100.4496002,-97.1904008,-93.7128022
2.323049002,-119.3632002,-111.1727996,-99.1936004,-97.5880004,-96.7392012,-93.0255996
2.359346642,-119.146399,-107.5248,-93.4743988,-94.5295988,-94.2720002,-93.0968002
2.395644283,-118.6511992,-111.1839994,-97.2448,-97.3791994,-96.6600004,-93.2624006
2.431941924,-119.9927994,-111.4888002,-99.276001,-99.306398,-97.3080004,-93.4143998
2.468239564,-120.101599,-111.4000002,-99.3384002,-98.4799986,-97.2119978,-93.5447998
2.504537205,-119.7384002,-111.256,-99.4488006,-99.3255994,-97.8759978,-92.8055986
2.540834846,-119.1296006,-110.7608004,-98.5216002,-98.6903994,-96.2583998,-93.1919984
2.577132486,-119.9472018,-109.7024,-95.4768004,-96.4584,-94.0679994,-91.9536012
2.613430127,-120.7615998,-109.4520004,-98.7255996,-98.0847992,-96.6895996,-92.3007996
2.649727768,-120.0503998,-111.2727996,-98.5128006,-98.8895998,-97.4919998,-92.5543992
2.686025408,-119.9248,-110.9087998,-99.1928008,-98.9032014,-97.8135986,-92.5191986
2.722323049,-120.3256014,-110.6335996,-99.528,-98.864,-96.940001,-93.0375992
2.75862069,-119.9487976,-105.3695998,-91.4095992,-92.323201,-92.0472,-91.8240006
2.79491833,-120.509601,-111.2040006,-98.2264008,-97.2520006,-97.0807998,-93.264801
2.831215971,-121.7879988,-111.2184008,-97.7904008,-98.112001,-96.7751998,-92.6880004
2.867513612,-119.7352002,-112.0751984,-98.4695996,-99.2151994,-96.5927994,-92.2263994
2.903811252,-120.8535998,-111.0895998,-98.807199,-97.3095978,-95.8328004,-92.4063996
2.940108893,-120.5927994,-111.2519988,-98.2367996,-98.1336012,-97.0624008,-91.1880006
2.976406534,-119.6007978,-110.412799,-97.2968002,-97.6472,-96.3416,-92.5031998
3.012704174,-120.3967984,-111.0784012,-98.5167982,-98.8055998,-95.8600008,-91.8752
3.049001815,-121.1159988,-110.5031996,-97.1296006,-98.2311998,-95.7816026,-92.3919998
3.085299456,-121.0576018,-110.8727996,-96.408,-98.3552002,-96.5352006,-91.4968
3.121597096,-120.2831984,-110.6479994,-98.8304,-97.0175996,-97.1128024,-91.3888
3.157894737,-121.0624008,-103.9768006,-89.9576004,-91.0191988,-91.759201,-89.856801
3.194192377,-121.2048004,-110.7151992,-98.0240006,-97.6944,-96.8696,-91.968799
3.230490018,-121.7287994,-110.872801,-97.3015992,-96.406401,-95.4400008,-92.4088012
3.266787659,-121.5247984,-109.4535996,-96.8223982,-97.5159988,-96.1687988,-91.5360016
3.303085299,-120.9448014,-111.4464006,-97.5975998,-97.4719986,-96.0615998,-91.5720002
3.33938294,-121.082399,-104.1472018,-90.3543992,-91.1311996,-91.5047988,-90.204799
3.375680581,-120.934401,-102.6728014,-88.845601,-89.559201,-90.1272004,-88.8264008
3.411978221,-122.2135988,-110.0288008,-97.1519974,-96.9423996,-95.9664002,-91.1344012
3.448275862,-120.9695998,-109.7168014,-97.472,-97.3951998,-95.7784014,-91.7839996
3.484573503,-121.7639984,-108.5024002,-96.2047988,-96.3768008,-95.5975998,-92.0047988
3.520871143,-121.5272004,-110.6424012,-95.3048004,-98.0751982,-96.0823988,-92.6487994
3.557168784,-121.3632004,-108.764,-95.8719986,-96.4832002,-95.710399,-91.1520022
3.593466425,-120.993599,-110.4231996,-98.0639982,-97.9479996,-96.0575988,-92.2224
3.629764065,-121.6671994,-109.8720004,-96.9824004,-97.463202,-96.1104018,-91.7247984
3.666061706,-122.135202,-108.5216002,-96.7615996,-96.6455996,-95.8976,-91.5087996
3.702359347,-122.3591996,-107.0319992,-96.8272004,-93.842401,-94.415201,-90.6848006
3.738656987,-121.1463988,-96.772,-84.387999,-85.0263994,-85.2063994,-85.0567992
3.774954628,-121.6424012,-96.9679992,-84.5920012,-85.204802,-85.415201,-85.1616016
3.811252269,-121.6352004,-107.9216006,-95.095201,-96.0984008,-95.1784012,-90.507199
3.847549909,-120.538399,-107.5760012,-94.0999998,-95.704799,-94.838399,-90.1751998
3.88384755,-121.9176012,-106.8056,-93.6151992,-94.5440018,-94.0391996,-90.7392014
3.920145191,-121.6064012,-101.864,-92.510399,-91.3055998,-90.5743988,-89.6608
3.956442831,-120.7792008,-102.4311998,-86.8839996,-89.1824004,-90.663202,-90.1160002
3.992740472,-122.2631988,-103.2816008,-90.2056014,-91.3912002,-91.615999,-90.1776
4.029038113,-122.1280014,-100.4552018,-89.7439986,-89.8815996,-90.1608,-89.6591994
4.065335753,-122.306401,-98.1831998,-86.4503996,-88.6968004,-89.3471998,-88.7831986
4.101633394,-121.859201,-94.9264008,-83.3151976,-85.6615982,-87.0999986,-87.1791992
4.137931034,-122.5719986,-74.0056,-64.9951994,-68.6752014,-70.0024002,-71.940799
4.174228675,-121.7776002,-77.3031996,-68.1567992,-71.4112016,-72.7263976,-74.7336014
4.210526316,-122.3040008,-92.712799,-76.4528002,-74.078401,-74.146402,-75.5688004
4.246823956,-121.6831988,-97.3943998,-81.7679992,-77.5288008,-76.4768006,-76.4271988
4.283121597,-121.4568008,-100.9384002,-86.127199,-83.1584016,-82.512799,-81.5935988
4.319419238,-121.756801,-101.9744002,-88.9632004,-87.086398,-85.6447998,-85.2720016
4.355716878,-122.3832018,-90.8304,-76.9576004,-76.1880006,-75.4735994,-75.7520006
4.392014519,-121.699202,-103.8799988,-89.6528016,-88.5135968,-87.532799,-86.8623992
4.42831216,-121.7496002,-105.699202,-92.3128004,-91.470401,-91.0880004,-88.7520006
4.4646098,-122.3744004,-106.4752,-93.510402,-93.6767992,-92.7775984,-89.9688004
4.500907441,-121.4743988,-106.7256012,-94.335199,-93.6879992,-93.7343996,-89.6455994
4.537205082,-121.7559998,-106.9703996,-94.1304,-94.0104004,-92.6416,-90.120801
4.573502722,-122.5559996,-107.7703994,-95.7360002,-95.3583998,-93.1800004,-90.307199
4.609800363,-123.2272004,-108.6783998,-94.876799,-94.4815994,-93.9359986,-90.1104004
4.646098004,-122.8800004,-108.4224012,-95.8824006,-94.7664004,-93.5640014,-89.6767992
4.682395644,-122.6087984,-108.7216002,-96.2759994,-96.3584,-94.9799988,-90.4472016
4.718693285,-123.240802,-108.1328004,-93.7520018,-93.7031998,-93.3976012,-90.7792006
4.754990926,-122.0119996,-101.7608016,-87.6615998,-87.8880006,-87.6328,-88.4055986
4.791288566,-122.851201,-109.7071992,-97.2703978,-96.5856004,-94.1679994,-91.0087998
4.827586207,-123.163199,-109.6823992,-97.3448,-97.0743988,-94.9815996,-91.2024
4.863883848,-122.2311994,-109.2688004,-96.8480012,-97.203198,-94.6224,-90.7968004
4.900181488,-123.2384002,-109.095201,-97.4856004,-96.8695998,-94.5960006,-91.3104004
4.936479129,-122.590402,-109.3079986,-96.4367996,-95.8447996,-95.2655992,-90.2847992
4.97277677,-121.912799,-110.0112016,-97.5087998,-97.5592008,-95.5520004,-90.8512008
5.00907441,-122.764,-109.4192018,-97.608,-97.159999,-96.046399,-90.3447996
5.045372051,-123.1975984,-109.2607986,-97.2128006,-97.728,-95.6792008,-90.5768004
5.081669691,-122.6639998,-109.5432008,-97.8944,-97.564801,-95.832799,-90.5623992
5.117967332,-122.7983992,-107.0832,-94.9016006,-94.6472,-94.0504012,-90.2839998
5.154264973,-123.5975982,-105.740001,-93.867201,-93.4,-93.059201,-90.5712006
5.190562613,-122.5183992,-109.9384004,-98.5287996,-97.7600006,-95.5847994,-91.2983996
5.226860254,-123.0320024,-108.8232012,-97.8184006,-97.665599,-95.0296022,-89.5383988
5.263157895,-123.3647996,-109.6496002,-97.2488006,-97.7656008,-95.2999984,-90.7783982
5.299455535,-123.4968004,-108.6400008,-98.1584,-97.3095992,-95.4975996,-90.0984008
5.335753176,-123.8423998,-106.9152008,-94.4023984,-92.6096008,-92.8031996,-90.8248
5.372050817,-123.9599992,-109.7488006,-97.7343978,-97.1552002,-95.7648012,-90.9056
5.408348457,-123.6895996,-108.8183976,-98.0415998,-97.7303984,-96.2975996,-92.0727998
5.444646098,-124.6207992,-109.4640016,-97.4087998,-98.1520004,-95.5647994,-90.623201
5.480943739,-123.228801,-110.1591996,-99.0735992,-97.0839996,-94.8056016,-91.0128006
5.517241379,-123.7016022,-109.476001,-98.0608,-97.5207992,-95.8279998,-90.9567996
5.55353902,-123.8471998,-109.5159988,-98.3487992,-97.9272004,-95.5496018,-90.2087998
5.589836661,-124.1,-109.8888,-98.9271988,-98.1783998,-96.2720014,-90.9768006
5.626134301,-123.7607986,-110.2248002,-97.1096008,-97.2040012,-95.4048004,-90.869598
5.662431942,-123.9759996,-110.0479994,-97.8839998,-96.2479994,-94.9488006,-89.799199
5.698729583,-124.0624008,-109.2768006,-97.5976,-98.4608002,-95.7904008,-90.5671996
5.735027223,-123.8912004,-107.4967986,-96.1639998,-95.976001,-95.0248002,-89.956
5.771324864,-123.459999,-109.6711992,-98.5871992,-98.221599,-95.5472,-89.498401
5.807622505,-123.0872008,-108.9376008,-98.1856018,-98.0544004,-95.5224,-90.5007996
5.843920145,-124.2319976,-109.0520006,-98.2080016,-99.0408006,-95.8999984,-90.612799
5.880217786,-124.0583984,-109.6287996,-97.6223998,-99.182399,-95.7744004,-89.6671994
5.916515426,-123.8496002,-110.1048004,-98.071199,-97.8511992,-95.3568008,-90.6576004
5.952813067,-123.5328002,-110.0863982,-97.6311996,-98.1791994,-94.8479998,-90.7079986
5.989110708,-123.8023988,-109.8135986,-98.590399,-98.382399,-95.2951996,-90.6416016
6.025408348,-125.0256012,-110.5440002,-98.231201,-98.5679992,-95.5535994,-90.4175996
6.061705989,-124.565599,-110.7736008,-99.0040008,-98.564801,-96.7591996,-90.998401
6.09800363,-124.284001,-110.1072004,-99.4215988,-97.4319994,-96.890399,-91.0087998
6.13430127,-123.821599,-109.1032,-97.7760012,-97.4303998,-96.8912002,-90.4472016
6.170598911,-124.1575988,-109.5136,-98.2168,-97.7143998,-95.8528,-90.4440004
6.206896552,-123.7968018,-111.310402,-98.603198,-98.3528,-95.4832,-90.1832
6.243194192,-124.3496002,-109.3215988,-98.8615998,-99.0664002,-95.9808,-91.1024004
6.279491833,-124.7352006,-109.6415986,-98.4311984,-99.3992004,-95.6567978,-90.1472002
6.315789474,-125.3952012,-109.8776002,-98.1471998,-98.4935972,-95.5136002,-89.9288008
6.352087114,-124.5832014,-109.8888,-98.8031998,-98.636803,-95.8399994,-91.0040006
6.388384755,-125.7016008,-109.6311996,-98.0823988,-99.8079986,-96.3016008,-91.4544022
6.424682396,-125.0168014,-110.0263992,-98.123999,-98.3471998,-96.1991988,-91.5240004
6.460980036,-125.0136002,-109.7447998,-98.4896012,-98.3335982,-95.5720002,-91.2376006
6.497277677,-124.8808014,-109.6776014,-98.0648012,-98.456801,-97.0143998,-91.9311984
6.533575318,-124.806398,-110.6984008,-98.9183992,-97.772801,-96.206398,-91.2119994
6.569872958,-124.729599,-110.4703978,-98.2007984,-99.2080002,-94.7912004,-90.2720002
6.606170599,-124.6968002,-110.6135986,-98.6608002,-99.8223998,-95.908,-91.0335998
6.64246824,-125.0759994,-110.1487974,-99.1768002,-99.2615996,-95.7431992,-90.6791992
6.67876588,-124.8951996,-110.6087998,-98.488002,-98.101599,-95.4936006,-90.7352006
6.715063521,-125.0856002,-110.551201,-98.1335998,-97.8552004,-95.3192002,-91.5007996
6.751361162,-125.2712008,-109.418399,-98.292,-98.7544004,-96.3472002,-91.7264008
6.787658802,-124.6888,-110.3215988,-98.7063994,-98.315999,-96.5064012,-90.8552
6.823956443,-124.0727996,-110.4432024,-98.6992004,-98.2608,-95.2408004,-90.7191986
6.860254083,-124.3552,-111.2048004,-99.0112016,-98.8143998,-95.8199998,-91.4912018
6.896551724,-124.7319992,-110.4616014,-98.559201,-99.8415998,-96.0727998,-91.0927996
6.932849365,-124.3087998,-110.4528,-98.872,-99.0303986,-96.3664004,-91.584801
6.969147005,-124.5535996,-109.8832,-98.6528018,-99.0607986,-96.0735994,-90.7143996
7.005444646,-124.5760008,-110.1999984,-99.4728012,-98.9880006,-96.4063994,-90.4056002
7.041742287,-124.3,-110.4400024,-99.1151992,-99.4975996,-95.9936006,-91.2007998
7.078039927,-124.711998,-110.640001,-98.5919996,-99.3319992,-95.8192002,-91.615999
7.114337568,-124.3608002,-111.4071992,-99.2304002,-99.3024004,-95.9456008,-91.3543976
7.150635209,-125.2847994,-110.3392,-98.6175994,-98.7111984,-96.8951994,-91.562401
7.186932849,-124.6639998,-110.0295974,-100.0951996,-98.453601,-96.8440004,-91.8024004
7.22323049,-125.1768004,-110.8247984,-99.498399,-98.9639996,-96.5327986,-91.9688004
7.259528131,-125.128801,-109.7023984,-99.0583982,-99.3336014,-96.2328002,-91.5639998
7.295825771,-125.4936006,-109.0384018,-98.8832002,-98.8623994,-96.1599992,-91.4584002
7.332123412,-125.2231994,-109.1608002,-98.938402,-99.1840012,-96.2856018,-91.0920016
7.368421053,-124.3912002,-109.763199,-98.9408004,-99.3792008,-97.5103988,-91.4087998
7.404718693,-124.4279998,-109.0664002,-99.731999,-99.6663986,-96.064801,-92.093599
7.441016334,-125.0936004,-110.9224,-99.687201,-99.2576004,-95.1488008,-91.981601
7.477313975,-125.3007994,-111.2144014,-98.0159988,-99.3272002,-95.5504014,-91.450398
7.513611615,-125.2775986,-110.3255996,-98.8304,-99.5376008,-95.968001,-91.228801
7.549909256,-125.1903992,-110.9864002,-99.3159988,-99.7632006,-96.4695998,-92.1543992
7.586206897,-125.4391998,-110.6936006,-98.6400008,-99.9968004,-96.5248,-92.3320024
7.622504537,-125.8504012,-110.8440002,-99.3160004,-99.4647996,-96.2296006,-92.1279998
7.658802178,-124.2024002,-110.8584002,-98.5600008,-100.471199,-96.8488006,-91.4992002
7.695099819,-125.4423994,-110.5224,-98.9127992,-99.335199,-96.2576006,-91.6271988
7.731397459,-125.6744006,-110.0071988,-99.7792024,-99.4792006,-97.0983996,-91.9992006
7.7676951,-125.8976014,-110.9496002,-99.076001,-99.7832,-97.0208008,-91.9600006
7.80399274,-125.6015992,-110.6615982,-98.7567992,-99.5496004,-96.4240006,-91.0663986
7.840290381,-125.3839996,-111.1928006,-98.3912,-99.6335982,-96.6744002,-92.4344012
7.876588022,-125.3919998,-110.326399,-99.1856002,-99.2416016,-96.2712006,-92.9584
7.912885662,-125.1391982,-109.9360002,-99.131201,-99.6472014,-96.8303986,-92.3143982
7.949183303,-125.8224012,-109.7559998,-99.6367996,-100.0128004,-96.9975996,-91.5376008
7.985480944,-125.8376024,-110.4783996,-99.7680008,-99.899199,-97.210402,-90.721599
8.021778584,-126.0839996,-110.4128006,-99.6423996,-99.9440002,-97.6775986,-90.9024004
8.058076225,-126.2191986,-110.4223984,-99.6063996,-100.3376004,-96.3112,-91.9496002
8.094373866,-126.1984008,-110.1255998,-98.6703994,-99.440001,-97.3839996,-92.6048004
8.130671506,-126.7655992,-111.2800004,-99.2896026,-99.1448,-97.0832,-92.0215988
8.166969147,-125.9031998,-110.4448,-100.1535996,-100.262398,-97.0551988,-91.1751996
8.203266788,-126.2583998,-110.6975998,-99.5807986,-99.7112,-96.1656006,-92.2255996
8.239564428,-126.3279998,-111.2152008,-99.9015976,-100.0031998,-97.8576006,-92.5255996
8.275862069,-126.5136002,-110.8423998,-100.2311996,-99.8208006,-96.4335998,-92.659201
8.31215971,-126.6792024,-110.4584014,-99.1248,-99.9720002,-96.7856002,-92.3328
8.34845735,-125.2672014,-111.9071992,-100.3175994,-99.2039994,-97.576802,-92.6664002
8.384754991,-125.6416002,-110.4807996,-99.9663986,-99.8559998,-96.2848008,-91.8304002
8.421052632,-125.9832002,-110.6712024,-100.1696002,-99.9856016,-97.1448012,-91.989601
8.457350272,-126.1839982,-111.5543992,-100.9031998,-99.521602,-98.0432006,-92.3623994
8.493647913,-127.4656006,-111.0399996,-100.2448016,-99.6688004,-96.7304002,-92.3903992
8.529945554,-125.600798,-110.5999984,-100.1895998,-99.3896014,-97.2567996,-92.6583968
8.566243194,-126.0816008,-111.5,-100.2168016,-100.8168014,-96.6479996,-91.9360002
8.602540835,-125.2607986,-111.4423998,-100.140799,-100.0311996,-97.0223982,-92.7167984
8.638838475,-125.5503996,-110.1095994,-100.4504014,-99.878398,-97.3719986,-93.1016008
8.675136116,-126.5520006,-111.0895998,-100.6584016,-100.3039994,-97.2167986,-92.1400008
8.711433757,-125.6783998,-111.2696014,-99.090399,-99.9528016,-97.5744006,-93.362401
8.747731397,-126.7528,-110.692801,-99.5199982,-100.3232008,-97.1951996,-91.9352006
8.784029038,-125.7399994,-110.9576018,-99.8007996,-99.764801,-96.8864014,-91.3992006
8.820326679,-126.2135988,-110.9688004,-100.0832016,-100.6672014,-97.7608002,-92.8304002
8.856624319,-127.1984008,-112.1775998,-100.9072008,-99.9063996,-96.8975982,-92.736798
8.89292196,-126.837601,-111.3703994,-101.367201,-101.8416,-97.1759994,-93.0887984
8.929219601,-125.8167996,-111.6807984,-99.9880006,-100.4063994,-97.2656008,-91.9327988
8.965517241,-125.4671982,-111.2056,-100.898401,-101.4367998,-97.771199,-92.6792008
9.001814882,-126.8984006,-110.6488008,-100.1832016,-99.9744004,-96.8951996,-92.8400008
9.038112523,-126.4423996,-110.6728014,-99.7127992,-99.8048006,-97.8112016,-92.5792006
9.074410163,-126.8112,-110.9679994,-99.7791994,-100.0000002,-97.9423996,-92.7999984
9.110707804,-126.6919998,-110.9927994,-101.048001,-100.0399994,-97.7408004,-93.1807982
9.147005445,-126.0551988,-111.5576004,-100.6063998,-100.2375994,-98.0392,-92.7240008
9.183303085,-127.006398,-111.010399,-100.8336014,-100.3343994,-98.0856002,-92.867201
9.219600726,-126.3496004,-111.2591996,-100.5728012,-100.7360002,-98.3000016,-92.4399994
9.255898367,-126.9736006,-111.5048006,-100.9503996,-100.1871994,-97.7703994,-92.3448
9.292196007,-126.8040008,-110.5543988,-100.5216004,-100.8576006,-97.6720002,-92.8439988
9.328493648,-126.7047988,-111.1136004,-101.1727996,-100.9735994,-96.864,-92.8552
9.364791289,-126.7800018,-110.5815994,-101.1384002,-101.4472016,-97.5272004,-92.6720002
9.401088929,-127.0392014,-110.3543992,-100.5087982,-101.3727996,-97.1559998,-93.3024002
9.43738657,-127.2944,-110.6432008,-101.1800004,-99.6504012,-97.8048004,-93.264
9.473684211,-126.3544022,-110.8792006,-102.1135986,-100.182399,-97.3535996,-92.6367996
9.509981851,-127.0552016,-110.8375992,-100.6119996,-100.651201,-97.2224014,-92.9824004
9.546279492,-127.1072006,-112.0455992,-100.9568008,-101.1160004,-97.992801,-92.7775984
9.582577132,-127.2615998,-111.4888,-99.8656004,-100.3783996,-98.2240006,-93.5656006
9.618874773,-127.1224,-110.665599,-100.3951996,-100.464801,-97.9360002,-93.459999
9.655172414,-126.687999,-110.4632006,-100.8375992,-101.0863996,-97.625598,-93.3911988
9.691470054,-126.3887984,-110.8664016,-100.7392014,-100.6208008,-98.2640002,-93.5903992
9.727767695,-126.5480008,-111.1696,-100.3240006,-101.504799,-97.3752002,-93.4751984
9.764065336,-126.7776016,-111.9144012,-100.8224014,-102.1951996,-98.3727998,-94.0615998
9.800362976,-127.4392014,-111.0224014,-100.7535996,-101.3623996,-98.2656004,-94.5128004
9.836660617,-127.0623994,-111.5423998,-100.8576006,-101.7936006,-97.323201,-93.9143996
9.872958258,-128.0112002,-111.0376008,-101.1215986,-101.8192,-97.5919998,-93.6863998
9.909255898,-127.0503996,-111.2471984,-101.093599,-100.957599,-98.7744004,-93.9472
9.945553539,-127.3279998,-111.9384004,-101.8551986,-101.7848024,-98.2496018,-93.8455992
9.98185118,-127.170401,-110.9104004,-102.2207992,-101.5336014,-98.9375992,-60.4976006
10.01814882,-127.8672028,-111.6887986,-101.628801,-100.9447984,-97.6703994,-92.7767992
10.05444646,-127.0951982,-112.083998,-100.1960022,-101.2864,-98.1016008,-94.2664002
10.0907441,-127.0255982,-111.2727996,-100.4815994,-100.7960008,-97.9184008,-94.1375992
10.12704174,-127.2639984,-112.6199982,-100.8656006,-101.4223982,-97.8888002,-94.5567992
10.16333938,-127.5752032,-112.5912002,-101.2551988,-100.8903994,-98.9632018,-94.2191986
10.19963702,-127.812802,-111.4743986,-101.112001,-100.6264008,-98.427199,-94.9511994
10.23593466,-127.5439986,-112.7311996,-101.2383986,-101.9495984,-98.1200012,-93.9191984
10.2722323,-126.6423994,-112.6231996,-100.859201,-101.6072022,-98.4367984,-93.5687988
10.30852995,-127.2983994,-112.165599,-100.7736006,-102.1136018,-100.0352004,-93.7391998
10.34482759,-128.4656006,-111.7136016,-101.5551988,-102.3576006,-98.8559982,-94.1944002
10.38112523,-127.7888016,-111.6136004,-101.2424014,-101.4031998,-99.2927992,-95.1439986
10.41742287,-127.2824006,-111.671199,-100.9919984,-100.9168,-97.5503998,-94.3487988
10.45372051,-127.623999,-112.1856,-100.5807982,-100.6696014,-98.4639996,-95.223999
10.49001815,-127.9455992,-112.8352002,-101.1199998,-101.4,-98.390399,-94.9303986
10.52631579,-127.8671984,-111.7983994,-101.0447984,-102.2440004,-99.0656006,-94.617601
10.56261343,-128.0472016,-111.8495986,-101.2344024,-101.5151994,-99.334401,-94.9583984
10.59891107,-126.6607988,-111.9023986,-102.0664,-101.2912,-98.6751998,-95.1319992
10.63520871,-127.7672,-111.4439986,-101.1864,-101.7608002,-99.1640016,-93.3599976
10.67150635,-127.6248,-112.6759994,-101.4944002,-101.0711992,-99.040001,-94.4639998
10.70780399,-127.2375992,-111.940802,-102.2687988,-101.2048004,-98.2872008,-94.9863998
10.74410163,-127.2335998,-111.5496002,-102.0904004,-101.68,-98.2367996,-95.1656004
10.78039927,-128.0904022,-112.1152008,-101.6528,-102.1224012,-98.9848006,-94.6919984
10.81669691,-127.6487976,-112.6367998,-101.8983992,-101.5040026,-98.4007994,-94.4223998
10.85299456,-127.317601,-112.978398,-101.4216002,-101.5744004,-98.7368012,-94.4000016
10.8892922,-127.2375992,-112.2888,-101.4263992,-101.3856,-98.6216016,-94.4471984
10.92558984,-127.1359984,-111.6951996,-102.520001,-101.729599,-99.0280016,-94.2024002
10.96188748,-127.7207974,-112.0016008,-102.4623996,-102.3584002,-98.8184004,-94.9855988
10.99818512,-127.6455994,-112.135199,-102.1311996,-101.5415986,-99.4408006,-94.7248
11.03448276,-127.6751998,-111.9207992,-101.5231994,-101.6384002,-99.2671996,-95.3936006
11.0707804,-127.787999,-111.8568024,-101.6967988,-101.5440018,-100.434401,-94.896802
11.10707804,-128.0720004,-112.9448012,-101.5584002,-102.2639998,-99.7935988,-95.304799
11.14337568,-127.8847976,-112.3063996,-100.5216004,-102.6511992,-99.0216004,-95.4447982
11.17967332,-128.9223984,-111.4207994,-101.5976016,-101.9288008,-98.8927994,-95.3487976
11.21597096,-128.0288012,-113.0832002,-102.2319992,-102.4263992,-99.0671996,-94.2360014
11.2522686,-128.1408004,-112.587201,-101.345601,-102.0663986,-99.212001,-95.7495986
11.28856624,-127.7352006,-112.1311982,-102.4488006,-102.2271986,-99.5872026,-95.4968002
11.32486388,-127.1431992,-112.8695998,-102.1167982,-101.7408004,-100.0568008,-94.9423998
11.36116152,-127.4208022,-112.8831998,-101.9807998,-102.3279984,-98.5695998,-94.4304
11.39745917,-128.179198,-112.165602,-102.3856004,-102.2800018,-99.4440002,-96.1800002
11.43375681,-127.669603,-113.3728012,-102.9736008,-102.2231994,-99.706398,-94.5824004
11.47005445,-128.1919998,-112.7423996,-102.6096006,-102.5695998,-99.598401,-95.3280012
11.50635209,-128.648799,-112.2824018,-101.5944,-101.3911986,-98.8464002,-96.3192002
11.54264973,-127.5023988,-111.6416016,-102.5336014,-101.4055982,-99.4296004,-95.6127976
11.57894737,-128.6112,-112.2808014,-103.1255982,-102.2551986,-99.4024004,-94.8216004
11.61524501,-129.036798,-113.0735992,-101.2016006,-102.9559998,-98.9639982,-95.0815994
11.65154265,-128.4775972,-112.428801,-102.2320006,-101.8256014,-99.8639998,-96.0287996
11.68784029,-127.9392,-112.2239992,-102.4496,-102.1711992,-99.8759992,-95.6344008
11.72413793,-127.7959976,-113.4568024,-102.3687988,-102.6615998,-99.118399,-94.9296022
11.76043557,-128.5968032,-113.1175996,-101.981601,-101.7888016,-100.0839982,-96.3655994
11.79673321,-127.8208024,-113.2296004,-102.281601,-102.2119996,-99.1919984,-96.3552002
11.83303085,-128.0264004,-112.1936006,-102.340802,-102.6352006,-99.240799,-95.9848006
11.86932849,-127.5287996,-111.8632004,-102.665599,-103.532802,-100.023201,-96.2248002
11.90562613,-127.783998,-113.6296006,-102.4647994,-103.0304,-99.4024,-95.8063994
11.94192377,-129.444,-113.807999,-100.7975984,-102.148003,-100.807999,-96.792
11.97822142,-130.416,-111.664001,-99.3024002,-101.82,-101.059998,-97.148003
12.01451906,-128.727997,-113.031998,-102.6263976,-103.367996,-99.18,-95.096001
12.0508167,-129.320007,-113.059998,-102.6943984,-103.975998,-99.676003,-94.844002
12.08711434,-127.708,-114.155998,-101.4072018,-102.416,-101.108002,-97.823997
12.12341198,-129.268005,-111.620003,-102.4144012,-102.559998,-99.335999,-95.348
12.15970962,-128.860001,-114.127998,-102.8999988,-101.807999,-99.267998,-95.267998
12.19600726,-127.639999,-114.655998,-101.7056,-103.688004,-99.755997,-94.736
12.2323049,-129.255997,-115.692001,-102.1448,-102.216003,-99.332001,-94.975998
12.26860254,-126.132004,-112.736,-100.7632004,-101.155998,-100.040001,-95.239998
12.30490018,-129.100006,-113.192001,-102.389601,-100.592003,-99.164001,-96.008003
12.34119782,-129.531998,-114,-102.5472034,-100.540001,-99.028,-97.279999
12.37749546,-128.227997,-114.716003,-102.4312012,-102.584,-98.931999,-97.099998
12.4137931,-128.003998,-111.683998,-102.2336012,-102.052002,-99.311996,-96.208
12.45009074,-127.547997,-110.195999,-102.353601,-102.348,-99.080002,-96.888
12.48638838,-128.516006,-113.047997,-103.1839966,-102.851997,-98.183998,-95.132004
12.52268603,-129.031998,-113.807999,-102.4088,-101.547997,-98.407997,-95.232002
12.55898367,-129.475998,-114.071999,-103.1856,-105.400002,-100.823997,-96.472
12.59528131,-128.755997,-114.295998,-102.256799,-105.155998,-100.767998,-96.863998
12.63157895,-130.416,-113.236,-102.0311966,-102.956001,-100.531998,-96.18
12.66787659,-127.311996,-115.139999,-102.5048002,-103.407997,-100.468002,-96.624001
12.70417423,-130.584,-113.424004,-102.6895996,-103.907997,-99.556,-94.536003
12.74047187,-128.524002,-112.220001,-103.1631988,-104.792,-99.239998,-95.832001
12.77676951,-128.783997,-112.024002,-104.3047976,-103.332001,-100.816002,-94.916
12.81306715,-130.716003,-114.667999,-103.1328006,-102.760002,-101.348,-95.255997
12.84936479,-127.571999,-112.459999,-101.8944002,-101.071999,-100.592003,-97.092003
12.88566243,-128.296005,-113.335999,-102.818401,-101.848,-100.720001,-95.412003
12.92196007,-128.156006,-114.375999,-102.981601,-102.323997,-101.584,-96.272003
12.95825771,-129.983994,-114.348,-102.011203,-102.683998,-101.612,-95.987999
12.99455535,-128.031998,-112.931999,-104.6664004,-103.227997,-99.612,-96.912003
13.03085299,-129.587997,-112.391998,-103.8863998,-104.040001,-101.348,-96.987999
13.06715064,-129.076004,-113.132004,-103.2127974,-103.183998,-101.907997,-97.639999
13.10344828,-130.287994,-113.160004,-104.2295978,-101.804001,-99.620003,-96.800003
13.13974592,-129.764008,-112.996002,-104.3943998,-104.036003,-101.043999,-96.143997
13.17604356,-128.324005,-112.699997,-102.9679978,-101.592003,-101.18,-98.015999
13.2123412,-127.835999,-112.975998,-104.4023988,-103.512001,-101.192001,-97.003998
13.24863884,-129.584,-111.835999,-104.6400026,-104.087997,-99.264,-97.419998
13.28493648,-131.552002,-111.272003,-104.0535994,-105.924004,-101.612,-98.388
13.32123412,-130.800003,-111.531998,-102.6224,-102.564003,-102.452003,-98.736
13.35753176,-127.127998,-112.716003,-104.2703994,-104.736,-100.875999,-97.552002
13.3938294,-127.452003,-112.608002,-103.1336,-101.800003,-99.195999,-97.503998
13.43012704,-126.832001,-112.727997,-103.0439988,-104.328003,-98.307999,-100.375999
13.46642468,-126.720001,-115.120003,-101.748799,-101.807999,-98.348,-97.375999
13.50272232,-127.800003,-114.480003,-102.587198,-102.456001,-102.255997,-98.028
13.53901996,-130.248001,-115.295998,-102.9871996,-102.732002,-101.540001,-99.396004
13.5753176,-130.772003,-112.643997,-103.536,-105.32,-102.092003,-97.860001
13.61161525,-129.287994,-112.332001,-103.4087978,-103.643997,-103.375999,-96.099998
13.64791289,-129.960007,-112.891998,-103.3880004,-103.480003,-100.891998,-97.323997
13.68421053,-128.660004,-115.848,-104.1055988,-103.515999,-102.711998,-100.540001
13.72050817,-128.559998,-113.468002,-104.1871994,-105.031998,-99.944,-99.096001
13.75680581,-127.559998,-112.984001,-102.5207994,-105.112,-100.344002,-98.059998
13.79310345,-128.595993,-113.092003,-104.1992024,-105.288002,-100.875999,-95.879997
13.82940109,-128.768005,-113.627998,-102.5576006,-103.491997,-102.208,-98.008003
13.86569873,-128.591995,-111.959999,-104.6688006,-104.811996,-101.403999,-99.832001
13.90199637,-128.216003,-114.699997,-103.2647996,-102.475998,-100.900002,-95.435997
13.93829401,-129.412003,-113.556,-104.7080016,-104.012001,-101.807999,-96.124001
13.97459165,-129.516006,-114.776001,-103.9479996,-103.372002,-100.972,-98.860001
14.01088929,-128.067993,-113.047997,-103.8055998,-106.124001,-100.143997,-98.043999
14.04718693,-128.927994,-113.052002,-104.7495988,-103.307999,-100.764,-100.416
14.08348457,-128.904007,-113.155998,-103.2695986,-103.556,-101.496002,-99.536003
14.11978221,-130.563995,-113.379997,-104.3120006,-103.564003,-101.739998,-98.047997
14.15607985,-130.123993,-113.384003,-105.0943996,-107.279999,-102.676003,-97.167999
14.1923775,-127.416,-114.244003,-104.618399,-105.099998,-101.391998,-98.984001
14.22867514,-128.608002,-111.776001,-104.8752034,-104.204002,-99.835999,-99.424004
14.26497278,-127.891998,-114.956001,-104.9328004,-104.003998,-100.931999,-99.416
14.30127042,-127.115997,-113.204002,-104.1544006,-106.015999,-102.012001,-97.080002
14.33756806,-129.248001,-112.844002,-102.7023986,-105.587997,-101.028,-98.991997
14.3738657,-129.548004,-112.931999,-103.4143998,-103.348,-102.848,-98.692001
14.41016334,-128.104004,-113.015999,-102.5656024,-104.248001,-101.636002,-99.279999
14.44646098,-127.615997,-113.667999,-104.4463972,-103.764,-101.984001,-98.748001
14.48275862,-127.844002,-113.632004,-103.8672028,-102.968002,-102.592003,-97.096001
14.51905626,-128.076004,-113.559998,-105.3839982,-103.348,-103,-98.776001
14.5553539,-128.524002,-113.459999,-103.418399,-104.012001,-103.639999,-98.704002
14.59165154,-128.447998,-116.848,-104.715199,-105.748001,-102.695999,-99.863998
14.62794918,-128.828003,-112.120003,-103.716,-104.199997,-102.468002,-99.844002
14.66424682,-128.964005,-113.028,-103.2287994,-104.832001,-103.124001,-96.924004
14.70054446,-128.251999,-113.279999,-104.0471986,-103.136002,-102.568001,-97.587997
14.73684211,-129.768005,-112.931999,-103.2351992,-104.512001,-102.767998,-97.991997
14.77313975,-128.764008,-112.515999,-102.8768018,-103.348,-102.279999,-98.596001
14.80943739,-128.671997,-114.744003,-102.532797,-104.012001,-103.82,-98.208
14.84573503,-127.124001,-114.204002,-102.2336,-104.475998,-103.223999,-97.255997
14.88203267,-129.852005,-113.627998,-103.6567994,-104.82,-102.18,-98.403999
14.91833031,-128.580002,-112.671997,-102.8216002,-105.227997,-101.487999,-99.160004
14.95462795,-128.427994,-116.624001,-103.9936006,-104.615997,-101.384003,-98.963997
14.99092559,-128.184006,-113.540001,-105.3072006,-104.416,-102.279999,-98.615997
15.02722323,-129.151993,-114.155998,-103.2175994,-105.164001,-102.139999,-98.603996
15.06352087,-126.764,-112.804001,-104.3751988,-104.092003,-101.748001,-97.984001
15.09981851,-127.103996,-113.744003,-104.1495968,-103.292,-102.879997,-101.036003
15.13611615,-127.900002,-113.764,-103.9599976,-105.264,-101.216003,-99.968002
15.17241379,-130.951996,-112.935997,-105.3512026,-103.959999,-102.879997,-99.739998
15.20871143,-129.496002,-113.963997,-103.7343994,-103.195999,-101.860001,-99.031998
15.24500907,-128.968002,-113.716003,-103.9271972,-103.015999,-101.080002,-98.356003
15.28130672,-129.824005,-114.188004,-105.4919966,-102.751999,-99.875999,-99.264
15.31760436,-128.419998,-114.400002,-102.9048036,-101.620003,-100.515999,-98.136002
15.353902,-128.376007,-114.807999,-104.0879988,-105.620003,-102.084,-96.087997
15.39019964,-128.871994,-113.031998,-104.4432006,-104.783997,-104.828003,-99.708
15.42649728,-130.063995,-113.024002,-104.551199,-103.468002,-101.047997,-100.480003
15.46279492,-130.087997,-115.739998,-103.4079988,-101.811996,-102.627998,-98.283997
15.49909256,-129.363998,-113.103996,-103.9975998,-102.884003,-102.811996,-98.736
15.5353902,-129.919998,-110.940002,-103.6511992,-105.195999,-103.472,-97.648003
15.57168784,-131.535995,-112.736,-104.7591966,-105.139999,-101.828003,-100.211998
15.60798548,-129.231995,-114.472,-104.9936018,-102.136002,-103.400002,-100.608002
15.64428312,-131.048004,-114.559998,-104.5368016,-103.807999,-103.459999,-98.903999
15.68058076,-129.703995,-115.372002,-104.4855988,-105.143997,-101.860001,-97.783997
15.7168784,-130.979996,-115.036003,-103.1015994,-103.435997,-101.372002,-97.568001
15.75317604,-130.688004,-112.552002,-104.0976012,-105.524002,-102.636002,-99.468002
15.78947368,-130.852005,-113.003998,-104.2695986,-102.667999,-104.056,-100.188004
15.82577132,-129.356003,-113.655998,-104.285597,-102.928001,-100.519997,-98.496002
15.86206897,-129.932007,-114.300003,-105.5056,-103.419998,-103.031998,-99.956001
15.89836661,-130.628006,-114.199997,-105.1272004,-104.816002,-102.924004,-99.935997
15.93466425,-129.779999,-115.671997,-104.2888,-105.987999,-102.279999,-99.848
15.97096189,-130.123993,-114.412003,-103.9479982,-106.596001,-102.332001,-100.388
16.00725953,-130.695999,-115.272003,-106.567201,-105.195999,-98.975998,-100.632004
16.04355717,-130.932007,-114.552002,-104.2703982,-105.912003,-101.571999,-100.875999
16.07985481,-130.884003,-114.928001,-103.9615998,-104,-102.487999,-100.792
16.11615245,-130.207993,-113.783997,-104.7983992,-103.692001,-101.599998,-101.339996
16.15245009,-132.748001,-114.660004,-104.2216018,-105.400002,-101.475998,-100.192001
16.18874773,-129.975998,-113.624001,-103.9800002,-105.127998,-100.391998,-99.400002
16.22504537,-130.947998,-114.056,-104.3328006,-104.704002,-102.947998,-99.627998
16.26134301,-129.483994,-114.547997,-104.2680024,-103.440002,-105.124001,-98.956001
16.29764065,-129.160004,-114.236,-104.817601,-104.727997,-103.103996,-98.304001
16.33393829,-130.444,-112.615997,-105.8519992,-105.052002,-104.220001,-99.515999
16.37023593,-130.787994,-113.884003,-105.7992024,-104.872002,-102.484001,-97.239998
16.40653358,-130.072006,-115.043999,-102.6328018,-104.248001,-103.475998,-99.18
16.44283122,-128.524002,-114.068001,-105.5776,-104.788002,-102.828003,-99.919998
16.47912886,-129.087997,-113.484001,-105.1152006,-106.188004,-102.236,-99.167999
16.5154265,-129.080002,-115.452003,-103.631197,-103.592003,-104.667999,-100.236
16.55172414,-129.692001,-113.875999,-105.2375994,-104.043999,-103.559998,-96.940002
16.58802178,-130.727997,-112.903999,-104.878401,-103.384003,-103.384003,-96.660004
16.62431942,-130.723999,-113.804001,-103.4863998,-103.372002,-103.832001,-99.307999
16.66061706,-129.123993,-113.811996,-104.5696,-104.636002,-103.236,-101.519997
16.6969147,-129.259995,-113.660004,-105.834401,-104.888,-102.239998,-98.232002
16.73321234,-129.475998,-113.339996,-105.9304012,-103.823997,-102.543999,-99.056
16.76950998,-129.063995,-115.435997,-104.5143978,-104.171997,-102.832001,-98.127998
16.80580762,-130.544006,-115.192001,-104.829599,-105.239998,-101.844002,-98.372002
16.84210526,-129.024002,-114.928001,-104.8183988,-106.480003,-103.283997,-101.003998
16.8784029,-127.872002,-116.444,-106.3383988,-104.204002,-101.171997,-99.632004
16.91470054,-127.987999,-115.783997,-104.2151996,-106.251999,-101.251999,-100.884003
16.95099819,-130.268005,-114.807999,-105.0408004,-105.811996,-104.292,-97.968002
16.98729583,-129.531998,-115.339996,-104.4055998,-105.003998,-105.132004,-99.755997
17.02359347,-130.811996,-115.400002,-107.489601,-106.807999,-104.860001,-100.059998
17.05989111,-130.871994,-113.907997,-105.7976028,-103.739998,-103.615997,-98.580002
17.09618875,-129.839996,-115.363998,-105.3184018,-104.519997,-102,-101.232002
17.13248639,-130.623993,-114.615997,-103.8192016,-102.695999,-100.959999,-100.024002
17.16878403,-130.563995,-114.704002,-105.7399976,-103.419998,-103.040001,-98.540001
17.20508167,-131.016006,-112.632004,-106.1903994,-105.624001,-105.108002,-102.124001
17.24137931,-132.535995,-114.755997,-105.5415996,-105.536003,-104.627998,-98.860001
17.27767695,-129.843994,-113.956001,-104.2007998,-103.863998,-104.176003,-101.127998
17.31397459,-130.272003,-113.963997,-105.2880036,-105.003998,-102.447998,-102.136002
17.35027223,-131.751999,-114.896004,-104.8495988,-105.835999,-104.295998,-102.332001
17.38656987,-130.699997,-114.452003,-103.787196,-104.699997,-102.120003,-100.419998
17.42286751,-127.664001,-115.099998,-104.7648006,-104.084,-102.760002,-99.307999
17.45916515,-130.067993,-116.260002,-104.484,-104.924004,-102.587997,-99.227997
17.49546279,-132.147995,-115.139999,-106.0007994,-105.419998,-104.396004,-102.003998
17.53176044,-131.384003,-114.412003,-104.42,-106.487999,-101.264,-101.615997
17.56805808,-131.147995,-115.351997,-106.2256028,-104.388,-103.379997,-102.276001
17.60435572,-130.300003,-115.620003,-104.3704008,-104.288002,-103.531998,-100.524002
17.64065336,-129.035995,-116.056,-106.2688036,-105.272003,-104.963997,-99.444
17.676951,-128.272003,-114.760002,-104.1720018,-105.251999,-104.136002,-99.5
17.71324864,-133.815994,-115.708,-105.4936008,-105.260002,-100.736,-102.220001
17.74954628,-131.811996,-114.695999,-105.5400008,-105.124001,-103.856003,-100.931999
17.78584392,-131.248001,-115.167999,-105.6208024,-103.896004,-102.82,-100.592003
17.82214156,-131.376007,-114.015999,-105.4839992,-105.239998,-102.115997,-98.484001
17.8584392,-131.544006,-114.552002,-104.6640012,-105.32,-102.884003,-98.599998
17.89473684,-130.220001,-115.087997,-106.3184006,-105.800003,-104.568001,-103.248001
17.93103448,-131.423996,-116.264,-106.9543974,-105.860001,-104.652,-100.216003
17.96733212,-130.871994,-117.112,-105.1944,-104.367996,-104.208,-99.879997
18.00362976,-133.779999,-114.064003,-104.6631974,-103.627998,-103.940002,-99.919998
18.0399274,-129.843994,-114.844002,-104.8471984,-106.071999,-103.835999,-98.783997
18.07622505,-131.824005,-114.692001,-105.5040024,-105.480003,-106.047997,-99.720001
18.11252269,-128.895996,-114.916,-105.2368012,-105.367996,-103.244003,-101.620003
18.14882033,-129.580002,-115.760002,-106.4272036,-106.295998,-101.804001,-100.167999
18.18511797,-130.492004,-116.223999,-105.354399,-105.139999,-103.080002,-99.459999
18.22141561,-131.016006,-116.087997,-105.2864012,-106.192001,-103.944,-99.18
18.25771325,-130.639999,-113.379997,-105.391997,-104.708,-103.708,-102.208
18.29401089,-132.179993,-115.227997,-105.0776016,-104.863998,-103.148003,-102.388
18.33030853,-130.636002,-114.736,-106.4559998,-108.008003,-103.536003,-101.807999
18.36660617,-130.348007,-115.807999,-105.883203,-107.176003,-102.891998,-100.716003
18.40290381,-131.123993,-116.503998,-106.1064012,-105.907997,-103.456001,-101.643997
18.43920145,-131.184006,-113.984001,-104.8720018,-104.444,-102.667999,-99.519997
18.47549909,-129.296005,-115.244003,-103.944,-106.323997,-105.103996,-100.068001
18.51179673,-127.484001,-113.912003,-105.4111988,-104.900002,-102.496002,-99.760002
18.54809437,-130.072006,-115.447998,-105.1424012,-104.596001,-103.003998,-103.388
18.58439201,-133.483994,-115.435997,-106.057599,-106.036003,-103.155998,-99.155998
18.62068966,-128.727997,-115.283997,-106.5288028,-106.431999,-104.328003,-99.276001
18.6569873,-130.664001,-116.751999,-107.295198,-102.748001,-104.216003,-100.947998
18.69328494,-131.507996,-115.204002,-106.1008,-106.620003,-104.419998,-99.699997
18.72958258,-130.932007,-113.919998,-105.7799988,-106.463997,-104.987999,-100.5
18.76588022,-127.956001,-117.120003,-105.1400026,-106.816002,-105.475998,-99.528
18.80217786,-130.531998,-115.431999,-106.1656006,-104.568001,-103.648003,-99.003998
18.8384755,-131.772003,-114.931999,-105.3599994,-104.388,-104.307999,-98.959999
18.87477314,-130.175995,-113.571999,-103.1624024,-104.351997,-104.143997,-100.648003
18.91107078,-130.136002,-115.012001,-104.547998,-107.491997,-103.391998,-101.515999
18.94736842,-130.548004,-116.508003,-103.944002,-103.103996,-101.047997,-99.248001
18.98366606,-132.016006,-116.260002,-105.4552006,-105.571999,-104.311996,-101.024002
19.0199637,-131.972,-116.459999,-105.7623992,-105.292,-103.255997,-101.176003
19.05626134,-130.324005,-115.503998,-106.7304012,-105.748001,-101.519997,-100.435997
19.09255898,-130.923996,-115.587997,-105.3656036,-104.568001,-101.407997,-103.080002
19.12885662,-129.639999,-114.975998,-104.8080002,-106.096001,-103.800003,-100.944
19.16515426,-128.843994,-116.695999,-105.2503982,-106.152,-104.475998,-102.143997
19.20145191,-129.584,-115.872002,-106.8096008,-105.592003,-103.536003,-100.875999
19.23774955,-131.056,-117.255997,-104.707997,-106.199997,-103.559998,-100.440002
19.27404719,-129.623993,-117.332001,-105.3607986,-106.419998,-103.475998,-100.508003
19.31034483,-130.016006,-116.143997,-106.6263992,-106.375999,-102.795998,-103.047997
19.34664247,-130.615997,-115.744003,-106.6776002,-106.132004,-103.487999,-99.216003
19.38294011,-131.723999,-115.627998,-105.8720018,-105.379997,-103.975998,-101.155998
19.41923775,-131.664001,-116.208,-105.1287976,-104.863998,-104.307999,-99.176003
19.45553539,-131.304001,-116.056,-107.0312014,-104.424004,-105.335999,-103.624001
19.49183303,-131.339996,-115.388,-106.3800018,-104.388,-106.223999,-102.676003
19.52813067,-130.895996,-115.419998,-106.4048004,-105.603996,-105.632004,-99.980003
19.56442831,-130.584,-115.68,-105.2696014,-106.587997,-105.835999,-99.348
19.60072595,-131.371994,-116.148003,-105.2728014,-106.108002,-105.764,-102.047997
19.63702359,-132.175995,-116.211998,-106.3647994,-105.367996,-105.127998,-101.292
19.67332123,-130.628006,-116.615997,-105.699997,-105.732002,-104.688004,-102.435997
19.70961887,-130.740005,-116.431999,-105.8648008,-106.772003,-103.856003,-100.491997
19.74591652,-131.699997,-115.112,-105.3727982,-105.711998,-104.008003,-100.68
19.78221416,-130.695999,-115.984001,-106.220801,-109.480003,-103.860001,-102.592003
19.8185118,-129.843994,-115.851997,-105.5304,-105.68,-103.751999,-101.896004
19.85480944,-130.656006,-117.419998,-105.0840012,-106.120003,-104.755997,-102.024002
19.89110708,-131.916,-117.292,-105.5719988,-105.919998,-104.723999,-102.239998
19.92740472,-130.792007,-115.956001,-106.1200012,-106.199997,-106.115997,-101.276001
19.96370236,-131.167999,-115.807999,-107.1367978,-105.311996,-105.795998,-91.612
