Frequency (kHz),SA_Noise (dBm),PD_Noise  (dBm),Probe_Noise  (dBm),Probe_Coupling_Noise  (dBm),Probe_Coupling_RF_Noise  (dBm)
0,NaN,NaN,NaN,NaN,NaN
0.036297641,-76.940001,-77.1120012,-77.1847994,-76.9864012,-76.8167998
0.072595281,-103.6976012,-104.0504014,-104.5248,-103.7951996,-103.9864
0.108892922,-106.0263976,-106.3248016,-107.2824006,-107.1647996,-106.6087998
0.145190563,-108.0423996,-108.0400008,-108.5487992,-107.423201,-108.3927992
0.181488203,-109.6015992,-108.8807998,-109.0271986,-109.6216002,-109.3967988
0.217785844,-110.3304002,-110.292798,-109.6856002,-110.3495986,-109.9671998
0.254083485,-111.0727994,-111.0087998,-110.6223998,-110.4295992,-111.0992004
0.290381125,-111.4280014,-111.3039994,-111.415999,-110.5632004,-111.5639998
0.326678766,-111.7336,-112.6744004,-111.7720014,-110.712802,-111.2720002
0.362976407,-112.1680008,-111.9399994,-112.884799,-111.595999,-112.7391982
0.399274047,-113.400798,-112.3415986,-112.7144012,-111.5023988,-112.4656006
0.435571688,-113.264003,-111.9544008,-113.6407988,-111.1943986,-113.6760008
0.471869328,-113.4720002,-112.9720002,-112.876799,-111.1807982,-113.0056014
0.508166969,-113.5504012,-113.8647996,-112.9080004,-110.892798,-113.6759996
0.54446461,-114.3528002,-113.5919984,-114.3063996,-110.7151994,-112.9847992
0.58076225,-114.1240006,-114.172,-114.764,-111.1567992,-112.8991986
0.617059891,-114.9359986,-114.301599,-115.0479994,-109.5024004,-113.1239992
0.653357532,-114.5440002,-114.7335998,-114.8832002,-109.4431992,-113.6264008
0.689655172,-115.037599,-114.9911986,-114.6847992,-109.3871994,-113.643199
0.725952813,-114.9920016,-114.5120028,-113.448799,-108.8055984,-113.5072008
0.762250454,-116.1544008,-115.0360016,-114.1752012,-109.1711992,-113.2199996
0.798548094,-115.9752014,-114.8175996,-114.6023988,-108.7703994,-113.6791992
0.834845735,-114.7120008,-114.5215988,-113.6215974,-108.2672012,-113.7176012
0.871143376,-115.7880004,-115.2448012,-114.5199998,-107.6895996,-113.5079988
0.907441016,-115.6536012,-114.2695998,-115.0783996,-107.9383988,-113.4608016
0.943738657,-116.2751998,-114.9880006,-114.7527986,-107.5839998,-113.4623976
0.980036298,-116.320799,-114.7095976,-114.6423998,-107.4472016,-113.2328018
1.016333938,-116.0079986,-115.1184006,-115.3231994,-106.413602,-113.3607988
1.052631579,-116.6015994,-115.078401,-115.1568006,-107.1503996,-114.2503998
1.08892922,-116.7807984,-115.1863984,-114.8704012,-106.8359986,-113.2080002
1.12522686,-116.7888,-115.5144014,-114.9935992,-107.1479982,-112.1384002
1.161524501,-116.6079984,-114.5920014,-114.188002,-106.5552002,-112.471199
1.197822142,-116.5848006,-114.7776002,-113.7551986,-106.0680008,-112.7160006
1.234119782,-117.6463988,-114.8335982,-114.9104002,-105.1847992,-112.7032014
1.270417423,-117.3167998,-115.0800004,-114.0224,-105.9576002,-112.5455978
1.306715064,-117.4936006,-114.8104004,-114.4759996,-106.2415998,-111.9248004
1.343012704,-117.9935988,-115.0088012,-114.5824008,-104.9624024,-112.3447998
1.379310345,-117.7888,-115.117601,-114.5615984,-103.9440002,-111.8935988
1.415607985,-117.2871994,-114.1311996,-114.6168,-105.2311998,-112.4440004
1.451905626,-117.2736008,-115.6192014,-114.8200014,-105.0679992,-112.2032012
1.488203267,-117.7943984,-115.1255996,-114.9056,-105.2431992,-112.6464002
1.524500907,-117.8735992,-114.0607984,-114.8463972,-104.9192002,-111.3431992
1.560798548,-118.1992004,-115.061598,-115.0936004,-104.4623992,-110.9151996
1.597096189,-118.3656022,-115.5264006,-114.8983978,-104.4271986,-109.8744018
1.633393829,-119.0352006,-115.1128006,-114.7783994,-103.8143982,-110.5192002
1.66969147,-118.7087998,-115.3935988,-112.7160006,-104.5983992,-110.6888002
1.705989111,-119.4455994,-114.7063996,-113.4584,-103.384801,-109.8224
1.742286751,-118.0432008,-115.3263994,-113.4583986,-102.8808016,-109.7944
1.778584392,-117.9640014,-115.0744002,-114.532001,-103.6423996,-110.4415998
1.814882033,-118.7375994,-113.1928008,-114.012001,-102.7824022,-111.2200014
1.851179673,-119.1343992,-114.7024004,-113.5192002,-102.828,-110.8968002
1.887477314,-118.564,-114.9528,-113.6087994,-103.0231996,-110.3687988
1.923774955,-118.6008012,-113.6095992,-112.836,-102.2160002,-110.7295988
1.960072595,-118.8624008,-115.2031998,-113.5847992,-102.0631988,-109.9944
1.996370236,-119.3392014,-114.359999,-113.3447998,-101.4056016,-110.198401
2.032667877,-118.9159986,-113.2120008,-112.8680008,-103.164,-109.7479996
2.068965517,-119.7615982,-113.6335998,-112.865599,-101.828,-108.7671998
2.105263158,-119.2088012,-113.7328002,-114.6207992,-101.4472,-108.264801
2.141560799,-119.282399,-114.6800002,-113.854399,-101.1456008,-108.493602
2.177858439,-118.6087984,-114.8159988,-112.5696,-101.8151994,-108.6615996
2.21415608,-118.8735992,-114.5232008,-113.7335998,-101.1184006,-109.2696
2.250453721,-119.1095996,-113.987999,-113.4232012,-100.5159988,-108.5535998
2.286751361,-119.7032012,-113.9311998,-113.0184004,-100.5167998,-107.9496002
2.323049002,-120.0080004,-113.2087998,-113.0048004,-100.7528016,-108.0415984
2.359346642,-119.9735994,-113.2768006,-112.0832002,-100.9679994,-108.6391998
2.395644283,-120.1216002,-113.5616,-112.736,-100.7127992,-108.8088014
2.431941924,-119.7240004,-112.9327988,-112.9264022,-101.1224016,-107.7199996
2.468239564,-121.4240022,-113.1768006,-112.5024002,-100.7728,-107.7175982
2.504537205,-119.4992004,-113.6951996,-113.1479994,-100.6983996,-107.4511994
2.540834846,-120.3192002,-112.8151992,-111.7911988,-100.4943998,-107.9751982
2.577132486,-120.1800002,-113.8224014,-111.2216004,-99.189601,-107.5167998
2.613430127,-119.823201,-112.8335996,-111.3839996,-99.8576004,-107.6912004
2.649727768,-120.5183988,-113.2384006,-111.6584,-100.6832,-106.7432006
2.686025408,-120.7735994,-113.3720002,-111.7287994,-99.7519988,-106.4911986
2.722323049,-119.6136004,-113.2672012,-112.2160006,-98.7168014,-107.471199
2.75862069,-120.840799,-113.7840012,-111.842401,-99.5231994,-106.8559984
2.79491833,-120.289598,-112.8063996,-112.434401,-99.7392014,-107.5567994
2.831215971,-119.8160004,-112.5120026,-111.8936004,-99.2679992,-106.7528014
2.867513612,-120.2376006,-113.3647996,-112.1423994,-100.0455996,-107.3871996
2.903811252,-120.8223982,-112.5648012,-111.0343994,-99.4520004,-106.515201
2.940108893,-121.2752,-113.3231994,-110.9880004,-98.6792008,-107.2656004
2.976406534,-120.3687988,-112.2664,-111.1552002,-98.3720002,-107.2320006
3.012704174,-121.2343996,-112.7983994,-110.7784014,-99.176001,-107.0632004
3.049001815,-120.553601,-112.8744018,-110.662401,-99.6871978,-106.1072024
3.085299456,-120.4088012,-112.6336,-111.684799,-99.0216002,-106.1975998
3.121597096,-120.2927994,-112.472,-111.6432006,-99.1808012,-106.8712004
3.157894737,-120.4832002,-112.7464004,-111.4440004,-98.8727996,-107.3552002
3.194192377,-121.1104018,-112.1848006,-111.6783982,-98.9543992,-107.5087998
3.230490018,-121.4072006,-112.4479998,-110.5576018,-99.2511992,-106.7096008
3.266787659,-120.1799986,-112.4023988,-110.8855988,-99.2520004,-105.5759994
3.303085299,-120.0280012,-111.815999,-110.7695998,-98.8680008,-107.0336
3.33938294,-120.590399,-112.9039994,-110.9303998,-99.6024002,-106.4376008
3.375680581,-122.1807996,-112.4104002,-111.0112,-98.2136016,-106.1671998
3.411978221,-122.012001,-111.651201,-110.684799,-98.5015992,-105.8552002
3.448275862,-121.6343996,-112.682399,-109.8703996,-97.8319992,-106.034401
3.484573503,-121.2056,-111.872801,-110.5999986,-98.2408006,-106.5175994
3.520871143,-121.7520004,-110.6552002,-110.8600008,-98.5384016,-107.2167998
3.557168784,-121.9759996,-112.0432006,-111.3343994,-97.2815976,-106.5152008
3.593466425,-121.0736008,-111.8119994,-111.4039978,-97.576001,-106.0999986
3.629764065,-121.3840028,-111.5152008,-111.1328016,-98.0408004,-105.8640002
3.666061706,-121.5840014,-111.7703994,-110.2904008,-98.5040008,-106.4679994
3.702359347,-122.0039996,-112.2800002,-110.6576004,-97.9975998,-106.382402
3.738656987,-122.5056002,-111.7159986,-110.4784012,-97.8167998,-106.1520004
3.774954628,-122.0192016,-111.8392,-110.6160004,-98.2447998,-105.6927992
3.811252269,-120.9359986,-111.1888,-110.8815996,-97.4992004,-105.7711992
3.847549909,-120.8920016,-111.1216004,-109.6951996,-97.623201,-105.570401
3.88384755,-120.9944014,-111.9176008,-110.2296004,-97.2751982,-106.0271988
3.920145191,-121.4816008,-111.2415984,-110.3111998,-96.5847992,-105.5672
3.956442831,-121.928801,-111.6551988,-110.2359986,-97.5880002,-105.095198
3.992740472,-121.5616012,-111.3880006,-110.699199,-97.059201,-105.9871994
4.029038113,-121.4735992,-111.9063994,-109.9320008,-95.7376006,-105.4008008
4.065335753,-122.1327986,-110.9679994,-110.5055984,-96.7152008,-105.0928012
4.101633394,-122.3935992,-111.1471986,-109.061598,-97.5439986,-104.8472
4.137931034,-122.8871994,-111.0624022,-110.0623978,-98.1112012,-104.448799
4.174228675,-121.9263992,-111.4183988,-109.8744004,-97.7311982,-104.5528
4.210526316,-122.592,-110.9960006,-109.1408008,-96.2264008,-104.7112014
4.246823956,-122.2639998,-111.0688002,-110.3175996,-97.5024002,-105.0919998
4.283121597,-121.5192002,-110.8272002,-109.8375992,-96.1904008,-105.782399
4.319419238,-121.7103988,-111.1375994,-109.4472,-97.3656006,-105.2911986
4.355716878,-122.3576004,-111.2256,-109.264801,-96.8183992,-104.4343994
4.392014519,-122.6304016,-110.987201,-109.864,-96.8687988,-104.2608002
4.42831216,-122.3408004,-110.9287996,-109.4311998,-96.0728012,-105.692801
4.4646098,-121.6143998,-110.392801,-108.3207992,-97.1487992,-104.6696
4.500907441,-122.3768006,-110.478401,-108.8360016,-97.1408004,-103.8656008
4.537205082,-123.7776018,-110.3080016,-110.1311996,-97.1128006,-103.8480012
4.573502722,-123.1767992,-111.8336,-109.5016008,-97.3792006,-104.879199
4.609800363,-122.6416,-110.7888014,-109.5,-96.2367998,-105.0656006
4.646098004,-122.9464004,-111.0375992,-109.9632002,-96.5008008,-104.4240004
4.682395644,-122.3776014,-110.5112,-109.5096006,-96.1392,-104.5192
4.718693285,-122.3352004,-111.0136,-109.5440004,-96.1864,-104.6272004
4.754990926,-122.8695982,-110.0904008,-109.3607986,-96.4720018,-104.9216004
4.791288566,-122.984001,-110.6648014,-110.2128022,-95.7072008,-104.5328002
4.827586207,-123.259198,-111.8184006,-109.1832002,-96.5080002,-104.640799
4.863883848,-122.9119994,-110.4328018,-108.8943998,-96.170401,-104.607199
4.900181488,-122.7312012,-110.4087996,-109.1072006,-96.3192018,-104.7679992
4.936479129,-123.140799,-110.3568008,-108.999199,-96.5048004,-105.2023988
4.97277677,-123.4847992,-110.4776016,-108.642398,-95.7744002,-104.2111998
5.00907441,-123.7671998,-110.3879988,-108.2640016,-95.7240022,-103.3567992
5.045372051,-123.7320008,-110.103198,-109.1671996,-96.1959992,-103.2967986
5.081669691,-123.423201,-110.2608,-108.9279998,-95.9488008,-104.4087998
5.117967332,-123.6456012,-110.7551984,-109.3504012,-96.8976,-103.7080002
5.154264973,-122.5391998,-109.5944002,-108.7815994,-95.9287996,-103.9000016
5.190562613,-123.1303986,-109.9335984,-109.3328004,-96.090401,-103.6903992
5.226860254,-124.1959992,-110.1559998,-109.1295976,-96.972,-103.0328
5.263157895,-124.2055986,-109.5024016,-108.9960022,-95.8839996,-103.7423998
5.299455535,-122.8671998,-109.456799,-109.3504012,-95.4016008,-104.023201
5.335753176,-123.0407992,-110.2728012,-107.9343994,-96.6128006,-103.5183992
5.372050817,-123.7904008,-109.9160002,-108.1480012,-96.0440004,-103.5352006
5.408348457,-123.3224014,-110.3560028,-108.4511978,-96.1039992,-103.5736006
5.444646098,-122.9296006,-110.8343996,-108.7735992,-95.5623992,-103.5783998
5.480943739,-123.340799,-109.5559998,-109.3992006,-95.6960008,-103.7824004
5.517241379,-123.6647996,-108.5007994,-107.717601,-96.7447996,-102.4615998
5.55353902,-123.8400012,-109.5359984,-108.412799,-95.4071976,-103.2751998
5.589836661,-123.2016006,-109.0936004,-109.2808012,-94.5735978,-102.9839996
5.626134301,-123.5911988,-109.7944,-108.8800002,-95.464798,-102.1968002
5.662431942,-124.1904008,-109.1040008,-108.5400012,-94.4912,-101.8824008
5.698729583,-123.5184004,-110.0936002,-108.6752014,-95.3623994,-101.7216004
5.735027223,-123.4447998,-110.0023986,-109.5559996,-94.973601,-101.5248002
5.771324864,-124.2287992,-110.0896012,-107.5232012,-94.9671996,-101.0344008
5.807622505,-124.3808014,-109.7448,-107.3776016,-94.1024018,-101.5800016
5.843920145,-124.8703994,-109.9895998,-107.8263992,-94.0992004,-100.5048004
5.880217786,-124.2831988,-109.7720002,-108.4440004,-94.2224002,-100.3511992
5.916515426,-123.8112014,-109.4431972,-108.1503998,-93.470401,-100.0688004
5.952813067,-123.5080004,-110.4911988,-108.5751998,-93.297598,-99.6472016
5.989110708,-124.1719986,-109.1679978,-107.3512006,-93.6688018,-101.1440002
6.025408348,-124.140001,-109.9687988,-107.9343994,-93.0960004,-100.5664002
6.061705989,-123.9448012,-109.1296006,-108.2639984,-94.8312028,-101.2328018
6.09800363,-123.2711992,-110.093599,-107.7783978,-94.5744002,-100.8063978
6.13430127,-124.2936004,-109.5240006,-108.8976,-94.1336016,-101.2799988
6.170598911,-124.1847992,-109.7384018,-108.2168014,-95.1551986,-101.8647994
6.206896552,-124.601599,-109.070398,-108.5599992,-94.4208006,-101.7832
6.243194192,-124.9335998,-109.0791992,-107.8151994,-94.2224,-102.3663988
6.279491833,-124.5080002,-110.0647996,-109.3031984,-94.7055998,-102.4727996
6.315789474,-124.3783998,-109.2624006,-107.5503998,-94.7104004,-102.218399
6.352087114,-124.5063994,-108.5832004,-108.2999982,-94.6663988,-102.6120012
6.388384755,-125.1984008,-109.4712004,-108.1328002,-95.1791994,-103.026399
6.424682396,-124.4256012,-108.9792008,-108.1504014,-95.5367982,-103.2095994
6.460980036,-124.7600006,-110.1623994,-108.7951994,-96.1192016,-103.1111998
6.497277677,-124.5535978,-109.7248002,-107.6864014,-95.574399,-103.0192004
6.533575318,-124.476802,-109.4623994,-107.123999,-95.6336014,-103.4616028
6.569872958,-124.1152008,-109.6888002,-108.0376006,-94.8392016,-103.2584
6.606170599,-125.1048018,-109.4320006,-107.2663988,-95.2783998,-102.3144014
6.64246824,-125.1384002,-109.3128004,-108.871199,-95.0407988,-103.8728012
6.67876588,-124.9360016,-109.3400006,-108.6568008,-95.5839998,-102.7903994
6.715063521,-123.6079988,-109.8744004,-108.0935988,-95.6895996,-103.7096012
6.751361162,-123.8608002,-109.456801,-108.5000014,-95.8591994,-102.6575988
6.787658802,-124.2551986,-108.9191984,-108.4840012,-95.5936022,-102.856
6.823956443,-124.712799,-109.8167998,-107.7503998,-95.7288008,-103.4039992
6.860254083,-124.5632002,-108.1647994,-107.8343994,-94.8239988,-103.8680006
6.896551724,-125.0007998,-108.9143998,-107.7335984,-93.9080002,-103.0311996
6.932849365,-125.1816012,-108.5343992,-108.2375974,-95.4384002,-102.9768006
6.969147005,-125.0055998,-109.7535994,-108.1656004,-96.1696,-102.6775986
7.005444646,-125.2136016,-109.4992002,-108.0535996,-95.4792008,-103.0999984
7.041742287,-124.9727998,-109.7304,-106.8271988,-95.3167998,-102.1904008
7.078039927,-125.3304002,-109.6512008,-107.8175998,-95.6279998,-102.9279998
7.114337568,-125.4576004,-108.6792008,-107.9127992,-95.1792006,-103.931201
7.150635209,-125.8447982,-108.9135988,-108.1951994,-94.3399994,-102.9376008
7.186932849,-126.307199,-109.7439988,-107.1840014,-95.3375992,-102.7640014
7.22323049,-126.1143998,-109.6103988,-106.6608004,-94.8711992,-102.6679992
7.259528131,-124.695999,-108.7031998,-107.4399992,-94.2647998,-103.5248002
7.295825771,-125.4696,-108.6080018,-107.7800004,-94.2487992,-103.3319992
7.332123412,-125.3175996,-108.2984008,-108.5031996,-95.1647996,-102.8519986
7.368421053,-124.3304,-108.392801,-107.9024002,-94.292801,-102.8959992
7.404718693,-124.5304018,-108.2031998,-108.2408002,-94.6495986,-102.606401
7.441016334,-124.6104006,-108.6192002,-108.1559982,-95.1783998,-103.4447998
7.477313975,-126.256,-109.4319992,-107.8384004,-94.1576004,-102.4600006
7.513611615,-125.787201,-109.976799,-108.6968018,-94.8359986,-102.5248002
7.549909256,-125.8384004,-109.9128006,-108.4856002,-94.9367982,-102.7496004
7.586206897,-125.2552,-108.2671982,-107.8248,-94.2752016,-102.6383972
7.622504537,-125.6544008,-109.0688006,-107.672798,-94.3663984,-102.8087994
7.658802178,-125.0815994,-108.6159988,-107.1695998,-94.3840012,-102.610399
7.695099819,-126.3032,-108.4120012,-107.5615998,-94.1752,-102.0303984
7.731397459,-125.5167986,-108.6568008,-108.0319992,-94.8367996,-103.0552018
7.7676951,-124.992801,-108.3039992,-107.293599,-94.6824022,-102.3912002
7.80399274,-124.9632006,-109.1639998,-107.723201,-94.6871978,-102.3616012
7.840290381,-125.9815992,-108.7192018,-108.0280016,-94.6632004,-103.168799
7.876588022,-125.2528002,-109.3464004,-107.7207992,-95.1520004,-102.4304
7.912885662,-126.1719984,-110.335199,-108.2496002,-94.889601,-102.8175996
7.949183303,-125.6304,-109.381601,-107.8207994,-94.5968018,-102.1912002
7.985480944,-126.232799,-108.8544006,-106.6880006,-95.0567992,-103.0432006
8.021778584,-126.3968018,-109.1487992,-107.9575992,-95.2432006,-101.6888
8.058076225,-125.2936002,-108.5535996,-107.644,-94.6111982,-101.9136004
8.094373866,-126.1912004,-109.7424012,-107.2256014,-94.1655988,-103.3279982
8.130671506,-126.5983978,-109.0744004,-107.8383986,-95.0160004,-102.665602
8.166969147,-125.3927994,-109.1583984,-107.9311998,-95.2416,-102.3808
8.203266788,-125.4416,-109.1255996,-106.8231994,-95.4799986,-101.7440004
8.239564428,-126.2656004,-108.8951996,-107.6464006,-95.7351988,-102.7887986
8.275862069,-126.0623992,-109.2152008,-107.4479994,-94.2832,-102.7000002
8.31215971,-125.7832002,-109.2200028,-107.1103986,-94.2872008,-102.1807996
8.34845735,-124.3992008,-108.8655992,-106.4983994,-95.209601,-101.9304002
8.384754991,-125.4327986,-107.6560014,-107.4327974,-94.3807984,-102.226401
8.421052632,-125.5104018,-108.518399,-107.4056016,-94.4544008,-102.5800002
8.457350272,-126.4912002,-109.3927994,-107.0751998,-94.9199998,-102.6895996
8.493647913,-126.0591994,-108.4455994,-107.2727982,-94.4720002,-102.7327988
8.529945554,-126.3800002,-108.2856018,-106.4856002,-95.256,-100.9368014
8.566243194,-126.9287998,-108.7871978,-106.6471984,-95.171199,-101.5271988
8.602540835,-126.936,-108.9175992,-106.9584,-95.1168,-101.5608002
8.638838475,-126.6775986,-108.5656006,-107.312001,-94.6855986,-102.1176008
8.675136116,-126.5359986,-108.5104004,-107.5168014,-94.0632004,-102.3048006
8.711433757,-126.268799,-108.6679974,-107.5119998,-93.9680006,-102.372
8.747731397,-126.7520004,-108.8984008,-108.6240006,-94.4367996,-102.5871994
8.784029038,-125.4968002,-109.095999,-107.9912,-94.112799,-101.957599
8.820326679,-126.159999,-107.6904006,-107.9863998,-94.7488008,-102.8128004
8.856624319,-125.7376006,-109.3135986,-106.9791994,-94.4887986,-102.1087982
8.89292196,-126.0888,-108.4071976,-107.5095994,-94.6264008,-101.5111984
8.929219601,-126.1632004,-107.9335998,-107.5064012,-94.6231994,-101.9951996
8.965517241,-124.9063998,-109.0039994,-107.6808,-94.9416018,-102.2168
9.001814882,-126.3551986,-108.8240006,-106.8087998,-95.4727996,-102.3056014
9.038112523,-127.165599,-109.5296002,-107.4815994,-94.3327986,-101.2783996
9.074410163,-126.2840012,-108.5687988,-107.2728026,-95.4455978,-101.7247984
9.110707804,-127.8903992,-108.4904024,-107.7632002,-94.7263992,-102.368802
9.147005445,-126.9071992,-108.0552,-107.882399,-94.1199996,-101.8863998
9.183303085,-126.5296004,-109.4328002,-107.2792008,-94.7815994,-102.1256014
9.219600726,-126.8527998,-109.0208022,-108.3656006,-94.5360016,-102.8639986
9.255898367,-126.9567992,-108.7071992,-107.8664002,-94.9752,-101.8128022
9.292196007,-126.9735992,-109.1975996,-106.7919998,-94.276799,-102.5240004
9.328493648,-127.3903992,-108.4576006,-107.690399,-94.0224,-101.6503982
9.364791289,-126.8055984,-108.6423994,-107.5559998,-93.3255998,-101.0248016
9.401088929,-127.7383988,-108.4248002,-107.4912002,-94.7327986,-101.689601
9.43738657,-126.4239992,-108.370398,-107.1055998,-94.4688002,-101.5544008
9.473684211,-127.3823974,-108.4919998,-106.9040006,-94.3232008,-100.9776
9.509981851,-127.444002,-108.6848006,-108.4199998,-94.6807998,-101.4311996
9.546279492,-127.7672,-109.2359998,-107.5408006,-94.5615998,-101.7320006
9.582577132,-127.2112,-109.370401,-107.293599,-93.8304002,-100.7432008
9.618874773,-127.2087982,-109.4680008,-106.504001,-94.1824006,-100.6952012
9.655172414,-127.3840012,-108.8528002,-106.9455994,-94.0072006,-101.051201
9.691470054,-127.5503968,-108.5848006,-106.0895996,-94.7224,-100.9504012
9.727767695,-127.2560014,-107.9679992,-106.9248014,-95.0576004,-99.2423996
9.764065336,-127.4479994,-107.8439986,-107.6864,-94.9319992,-100.836
9.800362976,-126.9471998,-108.3496002,-107.1384002,-94.3744002,-99.523201
9.836660617,-127.1800004,-109.1895998,-106.921602,-94.2431992,-98.8984008
9.872958258,-127.2143994,-108.9240022,-107.3136002,-95.187201,-99.8912002
9.909255898,-127.5576002,-108.7983992,-107.3567978,-95.081601,-97.959999
9.945553539,-126.9527998,-108.6552002,-107.5776002,-95.3727996,-96.5591996
9.98185118,-127.5975996,-108.800801,-106.973601,-94.142401,-52.0536002
10.01814882,-127.210399,-108.6656006,-106.7416002,-93.8448012,-92.6768004
10.05444646,-127.7680008,-109.2888002,-107.8384002,-95.4351988,-96.3272002
10.0907441,-127.6815994,-109.3320006,-107.1287994,-94.4775984,-98.0544024
10.12704174,-127.6040008,-108.9992018,-107.5272004,-94.589601,-98.6600008
10.16333938,-127.5384002,-108.8552,-106.881601,-93.9935988,-98.0624008
10.19963702,-128.2128006,-108.9527998,-106.6336012,-94.5447998,-99.3207996
10.23593466,-127.0136002,-108.547998,-106.9327988,-94.0583984,-99.6600006
10.2722323,-126.7263992,-108.336,-107.2255994,-93.6320022,-100.1399992
10.30852995,-127.2551972,-108.1584014,-107.6024002,-93.9800004,-100.4063998
10.34482759,-127.3216002,-109.0736008,-106.870401,-94.236,-99.8359986
10.38112523,-127.8471984,-109.4895996,-107.5359986,-93.3511976,-100.2144012
10.41742287,-127.231201,-108.2944002,-107.3656006,-94.453598,-100.2880006
10.45372051,-128.0768008,-108.9800004,-107.9023988,-94.317601,-100.7784012
10.49001815,-128.0824006,-108.7584,-107.3912,-94.4416016,-100.6872008
10.52631579,-127.7408006,-109.353601,-106.7151992,-94.4447998,-101.5448014
10.56261343,-126.7216002,-108.9759994,-107.5304,-94.1136002,-100.6519986
10.59891107,-127.7944016,-108.5880004,-107.7399994,-94.4807996,-100.6415998
10.63520871,-127.9656006,-109.1552002,-107.8032014,-94.3312012,-102.1807998
10.67150635,-128.1063996,-108.676802,-106.9752,-94.1080002,-101.3480012
10.70780399,-127.9688002,-108.7279984,-107.2584016,-94.7520004,-102.301599
10.74410163,-127.4840012,-109.1087982,-107.2455992,-94.6287994,-101.8328002
10.78039927,-127.7111998,-108.3056,-107.6583998,-93.7880006,-101.7096024
10.81669691,-127.5800004,-108.2712004,-107.072,-95.3048004,-101.009599
10.85299456,-128.0360002,-108.3959992,-107.554399,-94.4128006,-101.2912002
10.8892922,-127.4816026,-107.6839998,-106.9,-94.3048004,-101.3936006
10.92558984,-128.3280002,-107.287999,-107.4768008,-94.8903992,-102.1687986
10.96188748,-128.6440004,-108.4639984,-106.220801,-94.3359988,-101.981601
10.99818512,-127.8887986,-109.0104004,-107.3263992,-94.8799986,-101.7551988
11.03448276,-127.4992018,-108.2512008,-107.9080018,-94.4703994,-102.4552002
11.0707804,-127.8951982,-108.704799,-108.6007994,-94.263199,-102.0911986
11.10707804,-127.2600006,-109.4327986,-107.2007996,-93.7815994,-101.438402
11.14337568,-127.916002,-108.460002,-107.025601,-93.8360002,-103.3912004
11.17967332,-127.5927978,-108.6664004,-106.6368012,-94.6967984,-102.7112
11.21597096,-127.5520004,-108.8144014,-107.3983992,-93.7152022,-101.4592026
11.2522686,-128.7503998,-108.8360004,-106.9256012,-93.9792006,-101.3576002
11.28856624,-128.7343996,-108.4255996,-107.8559996,-95.1727982,-101.8608004
11.32486388,-127.6912018,-107.5752,-107.3311996,-94.7807996,-101.7319992
11.36116152,-128.0728012,-109.0544006,-107.4016022,-95.0920016,-102.4328002
11.39745917,-127.5968004,-108.1559998,-106.6016006,-94.4696016,-101.8424012
11.43375681,-127.4783996,-109.1504014,-106.9351988,-95.1935992,-102.5751984
11.47005445,-128.3032012,-109.6736008,-107.2567992,-94.6911988,-102.359198
11.50635209,-129.007202,-107.8479996,-107.3335986,-94.9335998,-102.262401
11.54264973,-127.7903992,-108.4207992,-108.0248002,-94.3688004,-101.8080004
11.57894737,-127.4871978,-108.2632002,-106.5088,-94.3360002,-102.3888002
11.61524501,-128.2168016,-108.3848006,-107.0551986,-94.0416,-101.8192004
11.65154265,-128.6424012,-107.701599,-107.3135986,-94.0215988,-102.0880006
11.68784029,-128.6639984,-108.3863998,-106.3600006,-94.4576004,-101.3960006
11.72413793,-128.3175996,-108.7455996,-107.4664016,-94.0888,-101.8240004
11.76043557,-128.5671966,-109.114401,-107.1856002,-94.1136,-102.6112
11.79673321,-127.5791962,-109.4880006,-107.7895996,-95.1400008,-103.1600004
11.83303085,-129.062399,-108.4279998,-107.2623992,-94.4768006,-102.1023988
11.86932849,-127.7592012,-108.5727994,-106.6216002,-94.5063996,-102.3919998
11.90562613,-127.4687988,-108.2680008,-107.2824006,-94.3871994,-102.054399
11.94192377,-128.7528014,-108.7111998,-107.4576004,-94.6039996,-103.1416018
11.97822142,-128.7768002,-108.8231978,-107.1479996,-94.9167998,-102.6584
12.01451906,-128.504802,-107.9503998,-106.7664,-95.0319978,-103.8888
12.0508167,-128.9608002,-109.2904006,-107.0320008,-95.1840012,-103.0135988
12.08711434,-128.5072006,-108.2303986,-107.0623992,-94.087999,-101.872
12.12341198,-129.0031982,-110.0200012,-107.4344024,-94.7312014,-102.6527984
12.15970962,-127.9367996,-109.9367996,-107.6655992,-94.0920016,-102.9303986
12.19600726,-128.7335982,-108.9208006,-107.1983994,-94.6632004,-102.5999988
12.2323049,-128.0263948,-108.4919998,-107.5384002,-95.095198,-101.9615998
12.26860254,-127.6456008,-108.9304002,-107.1623992,-94.3160004,-102.2592012
12.30490018,-128.2672012,-108.6759994,-107.7296006,-95.2736006,-102.415201
12.34119782,-127.9343992,-108.2551986,-107.1216004,-94.9632006,-102.7184004
12.37749546,-129.0496006,-109.0895996,-107.3784012,-95.3039992,-102.7183992
12.4137931,-128.6167984,-108.606401,-107.3984006,-94.7551988,-102.4472
12.45009074,-129.3023972,-108.5127988,-107.2744002,-94.3048004,-103.2151994
12.48638838,-128.9223968,-108.1175998,-107.2976014,-94.6184004,-102.4680008
12.52268603,-128.7615996,-107.8703996,-106.4783998,-94.6239988,-101.8927994
12.55898367,-128.4735992,-108.7856018,-106.6871992,-94.6080002,-102.4455994
12.59528131,-129.5912002,-108.1640016,-106.6728014,-95.3576004,-102.0520004
12.63157895,-128.4544006,-108.6839996,-105.8488006,-95.0440002,-101.2048006
12.66787659,-129.2847992,-108.4671998,-105.9984008,-94.0008012,-102.2608
12.70417423,-129.5223998,-107.856001,-106.8775984,-94.5944002,-102.974399
12.74047187,-129.008804,-108.5,-107.4087998,-94.7504014,-102.1216004
12.77676951,-128.6471968,-108.4559996,-107.0488004,-94.8775984,-102.217601
12.81306715,-129.051999,-108.3800002,-106.9328018,-93.8191986,-102.7352006
12.84936479,-129.0944002,-108.384801,-106.6064012,-93.5472,-102.2639998
12.88566243,-130.1007994,-108.4535994,-107.1240006,-93.6432022,-103.044002
12.92196007,-129.1351974,-107.6544006,-106.8776002,-93.7688004,-103.257599
12.95825771,-128.406401,-108.8272004,-107.3959992,-94.1423996,-102.4943986
12.99455535,-128.2919984,-108.7576004,-107.210399,-94.4983992,-103.1559996
13.03085299,-128.9863984,-109.148799,-106.9607986,-94.3423996,-102.6471998
13.06715064,-128.6352018,-108.9256014,-106.5,-93.6136018,-103.6591992
13.10344828,-128.3136002,-108.4423996,-106.4655992,-94.1032,-103.5479982
13.13974592,-129.847998,-107.8584016,-107.2912002,-94.6168,-103.511998
13.17604356,-129.1208008,-108.3552002,-106.9272018,-94.4256012,-103.3311996
13.2123412,-128.9967986,-108.4287996,-106.3287996,-94.5184004,-103.5863986
13.24863884,-129.581601,-107.6759994,-106.8192002,-94.2576002,-102.8375992
13.28493648,-128.5800002,-108.0647996,-107.3968002,-95.5528002,-103.7503996
13.32123412,-129.635202,-107.8975982,-107.5447998,-93.6856004,-102.9671996
13.35753176,-129.5207978,-108.082399,-107.2160004,-93.9751998,-102.7888
13.3938294,-129.066397,-107.7343994,-106.7216018,-94.655998,-103.6112016
13.43012704,-130.3040024,-107.740799,-107.1343994,-94.592801,-103.4688004
13.46642468,-128.7520004,-107.7455994,-107.4095994,-94.9279982,-102.8968018
13.50272232,-128.2895996,-108.6535996,-106.852002,-94.5664018,-102.6143996
13.53901996,-129.4023986,-108.8207992,-107.168001,-94.2143998,-102.9664002
13.5753176,-128.7296002,-107.9472016,-106.6960006,-93.435199,-103.3999984
13.61161525,-130.2592012,-107.3799986,-106.628801,-94.804799,-103.7776
13.64791289,-129.1848022,-107.6664018,-106.8496004,-94.9367998,-103.2743988
13.68421053,-129.9384,-107.362401,-107.6608002,-95.1671996,-102.2960006
13.72050817,-129.2455994,-108.7911988,-106.9176028,-94.464,-103.287201
13.75680581,-128.3599976,-109.093599,-106.0464004,-94.2664,-104.1383986
13.79310345,-129.067198,-109.1072008,-106.4991988,-94.1959992,-103.2751998
13.82940109,-129.0799988,-107.4224,-107.076001,-94.5455992,-103.5543992
13.86569873,-129.3216034,-108.1584016,-107.4496002,-94.8904006,-103.8480014
13.90199637,-129.1768006,-108.9768006,-106.5464004,-95.2287998,-102.8824006
13.93829401,-129.414398,-107.7679992,-106.908,-94.2919996,-103.7832014
13.97459165,-128.7175962,-108.985599,-107.4527998,-94.8888016,-103.4880006
14.01088929,-130.1368012,-108.5168,-107.0087998,-95.8128006,-102.6184006
14.04718693,-130.4984008,-108.9447982,-106.2487992,-94.095201,-103.3136
14.08348457,-129.2736008,-107.8840012,-106.364,-95.1968002,-103.1144012
14.11978221,-129.3384002,-107.3192018,-106.6688002,-94.7399994,-104.0039992
14.15607985,-129.823999,-107.4056002,-106.9048004,-95.0559984,-104.2856002
14.1923775,-129.453595,-108.2191986,-107.2992004,-95.0024004,-103.1408006
14.22867514,-129.2559996,-108.7847992,-106.5304014,-95.3384002,-102.5920012
14.26497278,-130.0855986,-108.3151992,-107.0527998,-94.7343994,-104.2208006
14.30127042,-129.5784028,-108.3328018,-107.6743988,-94.4511994,-103.2111998
14.33756806,-129.4632004,-108.2111986,-107.287999,-93.856,-103.9871994
14.3738657,-128.8743988,-107.6711988,-106.6167984,-94.4559998,-103.1535994
14.41016334,-129.711203,-107.9688004,-107.1904006,-94.7896014,-103.218399
14.44646098,-130.3823976,-108.095198,-107.8015992,-93.8479994,-102.8480012
14.48275862,-129.1952012,-108.347998,-107.1527984,-94.3591992,-102.8951996
14.51905626,-129.9567962,-108.0504012,-107.0704008,-93.848001,-103.6471986
14.5553539,-129.9447968,-108.5160002,-106.3287994,-93.9615982,-103.2432008
14.59165154,-130.7527986,-108.3040008,-106.8912004,-94.1832002,-103.5159988
14.62794918,-128.8975982,-107.756801,-107.0224,-95.1712004,-103.0512008
14.66424682,-129.2679994,-107.870401,-106.2143996,-94.1240006,-103.3712008
14.70054446,-129.5640028,-107.8936004,-106.7712004,-94.3960006,-103.6328002
14.73684211,-129.2735962,-107.6920014,-106.2976012,-95.1352008,-103.6087998
14.77313975,-130.0808014,-108.3464004,-106.5680008,-94.6615998,-103.4456008
14.80943739,-129.8231994,-109.1824006,-106.773599,-94.2696014,-102.444
14.84573503,-129.4408034,-108.1727994,-106.8927992,-94.2888,-104.0615984
14.88203267,-129.4736022,-107.7743988,-106.9864016,-94.7728012,-103.1968004
14.91833031,-128.2104004,-108.2936006,-106.5575988,-95.7791994,-103.387201
14.95462795,-129.940802,-109.0024018,-107.028801,-94.6432008,-103.5304
14.99092559,-129.1823974,-107.884799,-106.5215986,-93.892,-103.4503996
15.02722323,-128.919998,-107.8615998,-106.765599,-94.8847992,-104.5768004
15.06352087,-129.4168016,-108.1232024,-106.1160002,-94.672798,-103.4647996
15.09981851,-129.9215974,-107.6712006,-106.857599,-94.5503996,-103.1736008
15.13611615,-129.0511994,-107.9895996,-106.0967986,-94.6024004,-103.4960024
15.17241379,-130.087201,-107.128801,-106.6368012,-94.4912,-103.4408002
15.20871143,-129.849597,-108.806401,-106.6752016,-93.6976028,-102.7295988
15.24500907,-129.6608004,-108.8160004,-106.1167984,-94.6648008,-102.8951996
15.28130672,-129.6815978,-107.1271986,-106.2183988,-94.0552002,-103.0743988
15.31760436,-129.8440004,-107.993599,-106.7783996,-94.7975998,-102.6872008
15.353902,-129.5288024,-107.8927996,-106.8656008,-94.2136002,-103.1056016
15.39019964,-129.4944016,-107.451999,-106.1935986,-93.4776002,-103.2264008
15.42649728,-129.547998,-107.9776,-107.3287996,-93.580002,-102.8600006
15.46279492,-130.1112016,-107.8432006,-106.510399,-93.9919998,-103.025601
15.49909256,-129.0360018,-108.3248004,-106.7159986,-94.2584,-103.1968002
15.5353902,-130.1632018,-108.4056,-106.9496004,-94.9528,-102.4463974
15.57168784,-129.879199,-107.6800002,-106.7920016,-93.8736008,-104.0335998
15.60798548,-129.787201,-106.9904006,-108.070401,-93.4136,-103.5703996
15.64428312,-130.3160002,-107.9408008,-106.4047988,-93.8807998,-103.2688004
15.68058076,-129.5352004,-107.9728012,-105.9072006,-94.0664002,-102.9368012
15.7168784,-129.7832034,-107.5264008,-107.2287994,-93.8007996,-103.7167996
15.75317604,-129.8303954,-107.9839998,-106.6063984,-94.6472014,-103.7831988
15.78947368,-129.7776002,-108.1080004,-106.5240006,-94.0456008,-103.3416016
15.82577132,-129.7416014,-107.6295992,-106.564801,-94.4519988,-103.4712006
15.86206897,-129.8559996,-107.6472002,-106.7191986,-94.4311996,-103.9792008
15.89836661,-129.5447996,-107.927202,-106.3623992,-94.2839996,-103.9528
15.93466425,-129.6424012,-107.7399994,-106.5359986,-94.8576004,-102.8456024
15.97096189,-129.1296022,-107.568802,-106.5952012,-94.9392014,-103.1656006
16.00725953,-129.314398,-108.5367996,-107.0328,-93.7415988,-102.4567994
16.04355717,-129.3535964,-107.264,-106.1095978,-94.8375992,-103.3944
16.07985481,-129.6287968,-107.5839996,-106.1231994,-94.9688002,-102.9207992
16.11615245,-130.6287964,-108.0552002,-106.6456008,-94.470401,-102.3784012
16.15245009,-130.2624024,-107.3136004,-106.015201,-94.0495986,-102.6415986
16.18874773,-129.4855988,-107.5568008,-105.8391996,-94.028798,-102.6367996
16.22504537,-130.4272004,-107.9128006,-106.781598,-94.1320008,-103.4975998
16.26134301,-130.0695984,-107.4991988,-106.3175978,-95.1007978,-102.8303986
16.29764065,-129.1848022,-107.9968002,-106.7616014,-94.7143998,-103.2247998
16.33393829,-130.5056,-108.2832,-106.1032,-94.8215988,-102.229599
16.37023593,-129.3232026,-108.2167998,-107.3160004,-94.842398,-102.4704008
16.40653358,-129.9,-107.992,-106.0496004,-95.0143998,-102.7207994
16.44283122,-130.1103972,-107.0800004,-106.3192002,-93.8799986,-102.5992004
16.47912886,-130.1007996,-107.9032,-107.3575988,-93.8535994,-102.4936004
16.5154265,-130.3967986,-108.3463988,-107.131198,-93.5520004,-103.4631988
16.55172414,-129.229599,-107.7199996,-107.7328004,-94.1888,-103.323201
16.58802178,-130.1984008,-107.8079988,-107.2199982,-95.1935992,-103.2056
16.62431942,-129.699997,-108.464801,-106.8959992,-94.2664004,-103.1768004
16.66061706,-129.2200044,-108.0231996,-107.2056002,-93.9448016,-103.0655992
16.6969147,-130.2519988,-108.373599,-106.7360002,-94.459198,-103.2175996
16.73321234,-130.5039978,-107.6871994,-107.0191986,-94.8944,-102.5432006
16.76950998,-130.2160004,-108.1407988,-105.8744002,-94.484001,-102.8447998
16.80580762,-129.659996,-107.629599,-106.1936004,-94.8248016,-103.4248
16.84210526,-130.3775972,-108.0567994,-107.4055982,-94.740001,-103.1327988
16.8784029,-129.942398,-107.9160022,-106.6384002,-94.9535994,-103.7319992
16.91470054,-128.9919998,-107.3408004,-107.5303986,-93.4119996,-102.9087984
16.95099819,-130.5144012,-107.731201,-106.398401,-94.3104004,-103.0575988
16.98729583,-130.0016008,-107.8551988,-106.6767988,-94.9672012,-103.0880004
17.02359347,-129.8240006,-107.8384004,-106.3783996,-94.7472,-102.9215988
17.05989111,-130.2119996,-108.203999,-106.5240006,-93.6312012,-102.7871992
17.09618875,-129.8727996,-106.9911986,-106.0312012,-93.887999,-103.0871994
17.13248639,-129.594397,-106.4824004,-107.1848008,-94.0112016,-103.1496002
17.16878403,-129.7247986,-106.7479998,-106.5055986,-94.5408006,-103.3039994
17.20508167,-130.5944,-107.7376008,-107.2304,-94.7584,-103.8336
17.24137931,-130.2112032,-107.9511992,-106.840799,-94.018399,-102.5031998
17.27767695,-130.6656036,-108.2440002,-106.4504,-94.370401,-103.3567994
17.31397459,-129.8159974,-109.1247986,-106.1895996,-94.4896012,-103.1944002
17.35027223,-129.9664,-107.6839998,-105.9192016,-93.7080004,-103.5864014
17.38656987,-129.9191986,-108.5583984,-106.5984008,-94.6631988,-103.2496002
17.42286751,-129.8112032,-108.1655988,-107.5144012,-93.7,-102.7231994
17.45916515,-129.8496002,-107.2664002,-106.908,-94.6880004,-103.223201
17.49546279,-130.6256012,-107.7328002,-107.9384002,-94.408,-103.1936006
17.53176044,-130.503198,-107.3072006,-106.1352004,-95.6336,-103.2056016
17.56805808,-130.0279998,-107.2624008,-106.4928012,-94.3615998,-103.3431974
17.60435572,-130.4232024,-107.4479982,-105.664,-94.3095994,-102.906401
17.64065336,-129.7935974,-107.9280014,-107.4047986,-94.0743988,-103.1216004
17.676951,-130.5431976,-107.7936004,-106.8048004,-94.3287994,-103.0616014
17.71324864,-130.5159972,-107.7991988,-106.7888,-94.4272002,-102.1688004
17.74954628,-131.1592012,-107.579999,-106.4280014,-94.3151994,-102.7608016
17.78584392,-130.5199984,-108.0007994,-105.8047988,-93.9000016,-103.7343996
17.82214156,-130.125598,-108.5143998,-106.463202,-94.7760008,-103.5760008
17.8584392,-130.7807984,-108.4815994,-106.5023986,-94.3736008,-103.2800004
17.89473684,-129.944,-108.428001,-107.028,-93.3487994,-105.776001
17.93103448,-130.084,-106.879997,-106.571999,-94.0344024,-105.264
17.96733212,-131.380005,-107.587997,-106.772003,-93.7807998,-103.052002
18.00362976,-132.891998,-105.655998,-106.744003,-93.2743976,-105.807999
18.0399274,-130.360001,-105.564003,-106.648003,-94.0103974,-102.344002
18.07622505,-131.035995,-106.839996,-106.491997,-94.6920016,-102.120003
18.11252269,-131.440002,-107.463997,-104.739998,-95.8848008,-103.755997
18.14882033,-131.408005,-107.963997,-105.620003,-95.3936024,-104.788002
18.18511797,-128.768005,-108.592003,-108.564003,-94.4847992,-101.751999
18.22141561,-130.975998,-107.760002,-107.112,-94.9391984,-100.776001
18.25771325,-130.972,-107.216003,-106.311996,-94.8535994,-101.332001
18.29401089,-131.643997,-109.148003,-106.671997,-95.543198,-102.5
18.33030853,-131.531998,-106.639999,-106.512001,-94.2832,-103.856003
18.36660617,-130.783997,-107.311996,-106.475998,-94.202402,-103.963997
18.40290381,-129.184006,-106.167999,-106.891998,-94.9312028,-104.276001
18.43920145,-131.084,-107.896004,-106.344002,-94.8367996,-100.403999
18.47549909,-130.884003,-108.736,-106.407997,-94.6671996,-102.783997
18.51179673,-130.723999,-108.148003,-106.195999,-94.6304002,-102.5
18.54809437,-130.496002,-108.211998,-105.531998,-94.3600006,-102.804001
18.58439201,-130.391998,-107.82,-105.912003,-95.0352004,-103.571999
18.62068966,-131.259995,-108.239998,-106.003998,-93.8232012,-104.456001
18.6569873,-130.535995,-107.931999,-108.096001,-94.4248002,-102.559998
18.69328494,-130.507996,-108.860001,-107.176003,-94.4615994,-103.624001
18.72958258,-130.048004,-105.328003,-107.475998,-94.9095994,-103.239998
18.76588022,-130.080002,-106.32,-109.307999,-94.3392016,-103.972
18.80217786,-130.427994,-106.344002,-106.592003,-95.7496018,-104
18.8384755,-130.264008,-108.875999,-104.823997,-93.060002,-102.220001
18.87477314,-129.632004,-109.512001,-104.828003,-94.547203,-103.528
18.91107078,-130.483994,-107.491997,-105.508003,-94.3991986,-103.472
18.94736842,-131.123993,-107.015999,-105.716003,-94.8863986,-102.612
18.98366606,-130.968002,-109.208,-106.720001,-93.9775986,-101.648003
19.0199637,-132.703995,-108.372002,-104.688004,-93.6447984,-102.508003
19.05626134,-131.212006,-108.192001,-105.884003,-94.3872012,-104.019997
19.09255898,-131.792007,-108.935997,-105.571999,-93.581601,-102.907997
19.12885662,-129.216003,-105.608002,-107.783997,-95.5680008,-104.512001
19.16515426,-130.455994,-109.652,-105.667999,-94.7912,-104.232002
19.20145191,-132.516006,-105.487999,-106.867996,-95.0487992,-103.328003
19.23774955,-131.104004,-107.183998,-106.891998,-93.8872008,-103.199997
19.27404719,-130.983994,-107.739998,-106.704002,-95.182402,-104.512001
19.31034483,-131.339996,-107.267998,-106.084,-94.8456008,-101.356003
19.34664247,-129.548004,-107.875999,-107.767998,-94.892798,-101.311996
19.38294011,-131.423996,-107.428001,-107.416,-94.3928022,-100.127998
19.41923775,-130.363998,-105.227997,-106.612,-94.6600024,-102.540001
19.45553539,-129.207993,-105.468002,-104.344002,-94.5039978,-102.036003
19.49183303,-131.112,-109.236,-107.040001,-95.1615982,-102.440002
19.52813067,-133.031998,-109.192001,-106.396004,-95.5199998,-102.556
19.56442831,-131.888,-108.463997,-105.888,-95.3216,-103.323997
19.60072595,-129.528,-106.879997,-107.127998,-94.8304014,-103.528
19.63702359,-129.759995,-106.984001,-106.984001,-95.1367992,-103.267998
19.67332123,-130.916,-106.316002,-104.496002,-94.5519988,-104.092003
19.70961887,-131.479996,-107.204002,-106.424004,-94.6359998,-102.32
19.74591652,-132.179993,-109.096001,-105.403999,-93.7943998,-101.304001
19.78221416,-132.048004,-106.515999,-106.435997,-95.309599,-103.755997
19.8185118,-129.531998,-108.143997,-107.015999,-95.0999998,-103.036003
19.85480944,-129.503998,-108.059998,-108.776001,-94.468001,-103.220001
19.89110708,-129.559998,-107.152,-106.171997,-94.8495984,-104.092003
19.92740472,-130.623993,-105.807999,-106.708,-94.0191988,-101.571999
19.96370236,-132.723999,-106.692001,-106.671997,-93.6143998,-99.704002
