Vg,'Isd Vsd50mV A','Isd Vsd100mV A','Isd Vsd200mV A','Isd Vsd500mV A'
12,7.6075e-06,1.57127e-05,4.0911e-05,8.38934e-05
11.9,6.82526e-06,1.41918e-05,3.65549e-05,7.5053e-05
11.8,6.4245e-06,1.32362e-05,3.43787e-05,7.02691e-05
11.7,5.94256e-06,1.22541e-05,3.20854e-05,6.63679e-05
11.6,5.69868e-06,1.14931e-05,3.01092e-05,6.24726e-05
11.5,5.33014e-06,1.08924e-05,2.81731e-05,5.95019e-05
11.4,4.99753e-06,1.02275e-05,2.64281e-05,5.62192e-05
11.3,4.74737e-06,9.63287e-06,2.47149e-05,5.29682e-05
11.2,4.40425e-06,9.00179e-06,2.32244e-05,5.0414e-05
11.1,4.16177e-06,8.64924e-06,2.15444e-05,4.75017e-05
11,3.88146e-06,7.84796e-06,2.0213e-05,4.46389e-05
10.9,3.60295e-06,7.36784e-06,1.88762e-05,4.27963e-05
10.8,3.39713e-06,6.83536e-06,1.7707e-05,4.02099e-05
10.7,3.12048e-06,6.22462e-06,1.66175e-05,3.82421e-05
10.6,2.9295e-06,5.92351e-06,1.53474e-05,3.55536e-05
10.5,2.70761e-06,5.37236e-06,1.41273e-05,3.30292e-05
10.4,2.51998e-06,5.08522e-06,1.31273e-05,3.06431e-05
10.3,2.25876e-06,4.61631e-06,1.21763e-05,2.88673e-05
10.2,2.09091e-06,4.24784e-06,1.12719e-05,2.67439e-05
10.1,1.94983e-06,3.89219e-06,1.03941e-05,2.46458e-05
10,1.75131e-06,3.58448e-06,9.58483e-06,2.30628e-05
9.9,1.60366e-06,3.23135e-06,8.80372e-06,2.14754e-05
9.8,1.45044e-06,2.97083e-06,8.09114e-06,2.00177e-05
9.7,1.30677e-06,2.6975e-06,7.51792e-06,1.83646e-05
9.6,1.25583e-06,2.47848e-06,6.93996e-06,1.7275e-05
9.5,1.08451e-06,2.29737e-06,6.40408e-06,1.58051e-05
9.4,1.00064e-06,2.02952e-06,5.77678e-06,1.43646e-05
9.3,9.17149e-07,1.88634e-06,5.29133e-06,1.32467e-05
9.2,8.39805e-07,1.71172e-06,4.82343e-06,1.24273e-05
9.1,7.55705e-07,1.53901e-06,4.36854e-06,1.15708e-05
9,6.84937e-07,1.41951e-06,3.90254e-06,1.04673e-05
8.9,6.03599e-07,1.27446e-06,3.62045e-06,9.63538e-06
8.8,5.37143e-07,1.14265e-06,3.22207e-06,8.77464e-06
8.7,5.0081e-07,1.04909e-06,2.88335e-06,8.00683e-06
8.6,4.46145e-07,9.32252e-07,2.60976e-06,7.30096e-06
8.5,3.90998e-07,8.59029e-07,2.36423e-06,6.69207e-06
8.4,3.52196e-07,7.76405e-07,2.15389e-06,6.16508e-06
8.3,3.09945e-07,7.08978e-07,1.97332e-06,5.58693e-06
8.2,2.71511e-07,6.08833e-07,1.81053e-06,5.09219e-06
8.1,2.52226e-07,5.44654e-07,1.62336e-06,4.7375e-06
8,2.25929e-07,5.02353e-07,1.43345e-06,4.26543e-06
7.9,1.97665e-07,4.40826e-07,1.31325e-06,3.8787e-06
7.8,1.79649e-07,4.21181e-07,1.1358e-06,3.58145e-06
7.7,1.60858e-07,3.59251e-07,1.04572e-06,3.22957e-06
7.6,1.4442e-07,3.30964e-07,9.42012e-07,2.95591e-06
7.5,1.29556e-07,3.02755e-07,8.49495e-07,2.69629e-06
7.4,1.14482e-07,2.734e-07,7.89312e-07,2.47903e-06
7.3,1.01717e-07,2.41074e-07,7.0821e-07,2.25649e-06
7.2,9.26813e-08,2.12744e-07,6.31452e-07,2.05087e-06
7.1,8.11498e-08,1.94511e-07,5.6542e-07,1.84765e-06
7,7.26103e-08,1.70464e-07,5.00904e-07,1.68258e-06
6.9,6.44818e-08,1.50048e-07,4.49014e-07,1.53538e-06
6.8,5.72394e-08,1.31957e-07,4.05412e-07,1.37127e-06
6.7,4.97021e-08,1.18512e-07,3.53572e-07,1.2384e-06
6.6,4.26395e-08,1.05541e-07,3.23396e-07,1.12007e-06
6.5,3.7502e-08,9.47621e-08,2.87159e-07,1.01022e-06
6.4,3.26029e-08,8.13119e-08,2.58203e-07,9.08025e-07
6.3,2.88901e-08,7.29414e-08,2.29586e-07,8.261e-07
6.2,2.5249e-08,6.46702e-08,2.07922e-07,7.52191e-07
6.1,2.30208e-08,5.80961e-08,1.87026e-07,6.66949e-07
6,2.0156e-08,5.08323e-08,1.70087e-07,6.01012e-07
5.9,1.79895e-08,4.71539e-08,1.51434e-07,5.46324e-07
5.8,1.58986e-08,4.22093e-08,1.41318e-07,4.96467e-07
5.7,1.39977e-08,3.68849e-08,1.25823e-07,4.46243e-07
5.6,1.24127e-08,3.36764e-08,1.13531e-07,4.04509e-07
5.5,1.13583e-08,3.07718e-08,1.03045e-07,3.61381e-07
5.4,1.00958e-08,2.73259e-08,9.20932e-08,3.33835e-07
5.3,8.6561e-09,2.43478e-08,8.25328e-08,2.9151e-07
5.2,7.71499e-09,2.18881e-08,7.41624e-08,2.61421e-07
5.1,6.86248e-09,1.95856e-08,6.53178e-08,2.35917e-07
5,5.88901e-09,1.73839e-08,5.80665e-08,2.08104e-07
4.9,5.14854e-09,1.56985e-08,5.18608e-08,1.83596e-07
4.8,4.351e-09,1.36759e-08,4.39069e-08,1.64039e-07
4.7,3.54591e-09,1.17737e-08,3.67921e-08,1.43532e-07
4.6,2.6455e-09,9.5917e-09,2.97533e-08,1.21217e-07
4.5,1.91882e-09,7.96846e-09,2.37084e-08,1.02232e-07
4.4,1.31747e-09,6.24664e-09,1.83583e-08,8.44803e-08
4.3,7.87983e-10,4.62882e-09,1.35451e-08,6.8301e-08
4.2,4.34077e-10,3.30602e-09,9.72441e-09,5.47999e-08
4.1,2.3182e-10,2.18199e-09,6.69831e-09,4.2196e-08
4,9.66557e-11,1.36692e-09,4.34747e-09,3.24344e-08
3.9,6.84437e-11,7.18984e-10,2.60044e-09,2.38054e-08
3.8,3.128e-11,3.89135e-10,1.58391e-09,1.73392e-08
3.7,3.92931e-12,1.40618e-10,8.20486e-10,1.22709e-08
3.6,6.70032e-12,9.82774e-11,4.45536e-10,8.29874e-09
3.5,2.27027e-12,5.79774e-11,2.11648e-10,5.38155e-09
3.4,3.42679e-12,2.36828e-11,8.0689e-11,3.32981e-09
3.3,7.88713e-12,5.02168e-12,5.7915e-11,1.93454e-09
3.2,5.77546e-12,2.38253e-12,1.55152e-11,1.0885e-09
3.1,3.1684e-12,2.48945e-12,2.18295e-12,5.43457e-10
3,5.6329e-12,6.89812e-12,2.98663e-12,2.69902e-10
2.9,5.50638e-12,6.97475e-12,3.1185e-12,1.99441e-10
2.8,2.76923e-12,8.21502e-13,2.9403e-12,1.07758e-10
2.7,2.15622e-12,2.49498e-12,2.76032e-12,8.20671e-11
2.6,6.01781e-12,4.43005e-12,1.29551e-12,6.31719e-11
2.5,7.04425e-12,2.01544e-12,1.32759e-12,2.07038e-11
2.4,7.128e-12,1.24562e-12,3.09355e-12,4.10751e-12
2.3,8.47697e-12,7.31689e-12,1.78022e-12,4.31244e-12
2.2,8.79417e-12,7.43272e-12,3.2076e-12,8.1972e-12
2.1,2.66944e-12,7.6626e-13,3.2468e-12,1.02893e-11
2,8.1277e-12,1.30086e-12,3.38045e-12,5.85209e-12
1.9,8.17225e-12,4.35521e-12,4.8114e-12,8.46806e-12
1.8,2.23641e-12,4.12533e-12,1.26166e-12,9.43747e-12
1.7,3.28957e-12,4.69557e-12,2.36115e-12,1.03035e-11
1.6,8.48588e-12,2.79774e-12,2.46807e-12,5.77903e-12
1.5,4.16453e-12,7.49866e-12,5.47712e-12,1.03891e-11
1.4,2.88684e-12,1.04425e-12,1.30977e-12,1.04514e-11
1.3,8.98841e-12,2.57143e-12,1.48441e-12,4.17166e-12
1.2,8.89218e-12,6.39382e-12,1.33115e-12,5.32105e-12
1.1,5.1179e-12,5.90733e-12,2.67656e-12,7.41312e-12
1,2.76923e-12,1.94594e-12,1.87466e-12,7.06741e-12
0.9,8.54647e-12,6.18354e-12,3.2967e-12,4.4051e-12
0.8,4.39441e-12,4.23581e-12,8.9991e-13,4.33382e-12
0.7,2.87615e-12,8.94564e-13,1.56638e-12,8.63735e-12
0.6,7.2171e-12,2.66944e-12,3.08999e-12,9.26105e-12
0.5,3.50519e-12,6.51856e-12,1.38283e-12,7.43629e-12
0.4,4.13424e-12,2.0689e-12,1.8711e-12,8.22393e-12
0.3,8.5536e-12,3.53014e-12,1.02984e-12,9.70299e-12
0.2,7.03712e-12,3.67805e-12,2.9795e-12,8.28986e-12
0.1,5.01989e-12,1.70894e-12,2.20612e-12,4.28215e-12
0,7.22601e-12,1.18147e-12,2.81378e-12,1.0496e-11
-0.1,8.72467e-12,6.47757e-12,3.18087e-12,5.24977e-12
-0.2,3.56756e-12,6.28333e-12,3.26819e-12,6.05524e-12
-0.3,2.50727e-12,2.20077e-12,2.66587e-12,4.21621e-12
-0.4,5.30858e-12,1.23314e-12,1.06742e-12,7.75883e-12
-0.5,7.93168e-12,9.31273e-13,3.63671e-12,1.07508e-11
-0.6,3.46599e-12,6.92129e-12,3.4054e-12,8.86367e-12
-0.7,8.58568e-12,4.84704e-12,9.96138e-13,7.42559e-12
-0.8,8.13839e-12,2.69438e-12,1.08946e-12,1.03748e-11
-0.9,5.81467e-12,7.42203e-12,2.06177e-12,9.98633e-12
-1,7.9299e-12,1.49688e-12,4.22334e-13,6.19423e-12
-1.1,8.34867e-12,1.23671e-12,1.67864e-12,4.54232e-12
-1.2,4.78111e-12,1.69468e-12,1.07164e-12,1.03303e-11
-1.3,4.16632e-12,7.40065e-12,3.41075e-12,6.62191e-12
-1.4,7.85149e-12,1.32759e-12,2.07247e-12,4.49599e-12
-1.5,7.96554e-12,2.66765e-12,2.59281e-12,8.61419e-12
-1.6,2.41996e-12,7.65369e-12,3.80101e-12,9.86693e-12
-1.7,3.93287e-12,7.643e-12,2.15978e-12,5.46539e-12
-1.8,8.88862e-12,1.26878e-12,2.43778e-12,5.19097e-12
-1.9,3.46955e-12,2.03326e-12,2.33264e-12,1.00558e-11
-2,5.41728e-12,4.14493e-12,2.18295e-12,9.12919e-12
-2.1,4.42827e-12,5.66854e-12,2.78348e-12,8.54469e-12
-2.2,5.63468e-12,4.38372e-12,2.41817e-12,6.61122e-12
-2.3,3.96495e-12,7.24561e-12,2.86902e-12,8.64805e-12
-2.4,8.36649e-12,3.62459e-12,3.59073e-12,6.00356e-12
-2.5,8.22215e-12,1.23493e-12,2.4556e-12,7.24918e-12
-2.6,2.63023e-12,2.57855e-12,9.98096e-13,8.07781e-12
-2.7,8.88683e-12,5.59726e-12,3.30205e-12,1.01984e-11
-2.8,6.44728e-12,2.45488e-12,1.00943e-12,9.02048e-12
-2.9,3.90793e-12,2.7425e-12,2.60707e-12,3.84556e-12
-3,2.61598e-12,3.2272e-12,3.87033e-12,7.64656e-12
-3.1,7.42025e-12,4.05583e-12,2.59816e-12,9.88297e-12
-3.2,9.13988e-12,1.03712e-12,3.188e-12,4.60291e-12
-3.3,2.53935e-12,6.69141e-12,1.27235e-12,8.41104e-12
-3.4,3.55153e-12,6.90525e-12,1.08167e-12,1.02037e-11
-3.5,6.6629e-12,2.6338e-12,9.14496e-13,9.4642e-12
-3.6,5.26759e-12,1.7624e-12,2.25779e-12,3.83665e-12
-3.7,4.45856e-12,3.97564e-12,9.8901e-13,6.2762e-12
-3.8,8.52865e-12,7.46658e-12,3.73864e-12,8.53043e-12
-3.9,6.97831e-12,2.37897e-12,3.60142e-12,9.61033e-12
-4,2.88149e-12,1.39352e-12,9.8659e-13,9.58039e-12
-4.1,8.38075e-12,7.28303e-12,1.95664e-12,4.62607e-12
-4.2,8.98306e-12,7.7517e-12,3.91862e-12,1.00772e-11
-4.3,3.35016e-12,1.30799e-12,3.54618e-12,9.73507e-12
-4.4,3.67627e-12,6.55954e-12,1.02287e-12,3.92753e-12
-4.5,8.78704e-12,7.60201e-12,1.53965e-12,3.81526e-12
-4.6,4.33204e-12,1.63766e-12,3.38045e-12,1.03142e-11
-4.7,2.72111e-12,2.97594e-12,1.0193e-12,6.95871e-12
-4.8,2.94386e-12,6.00178e-12,1.93882e-12,4.08969e-12
-4.9,8.35758e-12,6.63082e-12,1.0846e-12,1.00683e-11
-5,2.61954e-12,1.81764e-12,2.95099e-12,1.02269e-11
-5.1,3.80635e-12,4.2269e-12,1.87288e-12,3.71903e-12
-5.2,8.64626e-12,4.99851e-13,2.52866e-12,3.93822e-12
-5.3,3.8117e-12,4.27858e-12,3.57647e-12,7.48618e-12
-5.4,3.77606e-12,4.59756e-12,3.0294e-13,1.00772e-11
-5.5,6.20136e-12,3.82061e-12,2.66409e-12,4.06474e-12
-5.6,5.05375e-12,7.0389e-12,1.10662e-12,4.96465e-12
-5.7,3.06148e-12,5.22126e-12,2.89931e-12,1.02572e-11
-5.8,2.48233e-12,2.57677e-12,3.31987e-12,9.49271e-12
-5.9,7.00148e-12,6.73418e-12,2.4752e-12,8.50192e-12
-6,4.46926e-12,2.6338e-12,1.4951e-12,5.54737e-12
-6.1,3.22898e-12,1.03e-12,3.59608e-12,1.0063e-11
-6.2,8.61241e-12,5.04306e-12,2.52688e-12,7.98336e-12
-6.3,7.02821e-12,6.97831e-12,2.43421e-12,4.04336e-12
-6.4,2.6534e-12,2.17226e-12,1.59133e-12,8.05642e-12
-6.5,3.66379e-12,1.60202e-12,2.77636e-12,9.46777e-12
-6.6,8.68903e-12,7.14582e-12,1.16008e-12,4.51381e-12
-6.7,6.19423e-12,3.46955e-12,1.06225e-12,8.07602e-12
-6.8,2.77636e-12,1.2973e-12,2.94386e-12,3.72438e-12
-6.9,8.14018e-12,4.62429e-12,2.55361e-12,9.68695e-12
-7,6.67181e-12,6.14968e-12,1.54143e-12,9.54083e-12
-7.1,3.03296e-12,2.40214e-12,1.04636e-12,4.85951e-12
-7.2,8.46628e-12,1.95307e-12,3.8812e-12,8.46628e-12
-7.3,5.96079e-12,1.46534e-12,1.84972e-12,8.71398e-12
-7.4,4.26076e-12,4.92188e-12,1.267e-12,4.09504e-12
-7.5,7.04959e-12,2.37541e-12,2.50371e-12,8.84407e-12
-7.6,5.75586e-12,2.94743e-12,3.07039e-12,9.97207e-12
-7.7,6.64864e-12,7.77308e-12,2.07603e-12,6.76804e-12
-7.8,2.47698e-12,7.82833e-12,2.55182e-12,4.52093e-12
-7.9,8.39144e-12,1.3169e-12,4.66635e-12,5.80397e-12
-8,8.158e-12,7.39352e-12,2.35759e-12,1.01164e-11
-8.1,6.48292e-12,7.4648e-12,3.11315e-12,4.42471e-12
-8.2,4.08969e-12,5.43332e-12,1.11375e-12,3.84556e-12
-8.3,8.72645e-12,5.09296e-12,1.87466e-12,8.18473e-12
-8.4,2.8013e-12,7.72497e-12,2.6338e-12,9.7618e-12
-8.5,2.74428e-12,2.43956e-12,3.85981e-12,5.35313e-12
-8.6,7.71606e-12,1.27591e-12,1.99228e-12,4.77041e-12
-8.7,6.36709e-12,7.31689e-12,9.8967e-13,1.01075e-11
-8.8,2.47342e-12,7.50222e-12,3.35372e-12,5.73982e-12
-8.9,8.59459e-12,1.49332e-12,2.60707e-12,4.05049e-12
-9,9.1577e-12,1.47906e-12,2.61419e-12,4.15741e-12
-9.1,5.83249e-12,7.38104e-12,2.51618e-12,9.67804e-12
-9.2,3.30026e-12,9.76536e-13,3.4357e-12,7.85327e-12
-9.3,8.77813e-12,3.06504e-12,1.52717e-12,4.77576e-12
-9.4,8.07781e-12,7.67864e-12,2.5839e-12,3.66201e-12
-9.5,3.38224e-12,5.26759e-12,1.782e-12,1.01734e-11
-9.6,8.49123e-12,1.27948e-12,3.84734e-12,5.66854e-12
-9.7,9.10067e-12,7.03712e-12,1.00505e-12,4.07187e-12
-9.8,2.5839e-12,5.96435e-12,2.53757e-12,8.70329e-12
-9.9,2.86367e-12,1.65548e-12,1.05754e-12,8.13839e-12
-10,8.23819e-12,4.84169e-12,3.52836e-12,9.95514e-12
-10.1,5.46005e-12,7.42916e-12,2.63023e-12,8.25066e-12
-10.2,3.23968e-12,6.36352e-12,8.00118e-13,5.67745e-12
-10.3,2.91713e-12,2.12236e-12,2.95099e-12,1.01271e-11
-10.4,8.57855e-12,7.40243e-12,6.4152e-13,4.41758e-12
-10.5,3.55865e-12,7.0389e-12,1.01752e-12,4.09504e-12
-10.6,2.67478e-12,1.38105e-12,1.10306e-12,7.05672e-12
-10.7,8.96524e-12,3.24324e-12,2.66765e-12,9.71903e-12
-10.8,4.36055e-12,7.22957e-12,2.64805e-12,1.0038e-11
-10.9,2.28987e-12,3.40718e-12,2.70864e-12,4.77576e-12
-11,2.9795e-12,3.89723e-12,2.88684e-12,8.43599e-12
-11.1,7.66082e-12,5.35313e-12,1.55747e-12,5.84496e-12
-11.2,2.60885e-12,6.41164e-12,8.8517e-13,5.36738e-12
-11.3,4.76863e-12,5.04128e-12,2.16157e-12,7.65369e-12
-11.4,8.18473e-12,4.46569e-12,3.62281e-12,9.73685e-12
-11.5,3.31274e-12,6.58805e-12,1.73567e-12,9.39114e-12
-11.6,2.34511e-12,2.46985e-12,2.75675e-12,4.57796e-12
-11.7,8.3754e-12,1.48084e-12,8.89218e-13,7.06919e-12
-11.8,7.50935e-12,6.69676e-12,3.4054e-12,1.02786e-11
-11.9,2.297e-12,4.2768e-12,2.4556e-12,7.52182e-12
-12,7.56815e-12,1.86932e-12,9.26156e-13,4.23225e-12
-11.9,8.73536e-12,4.09539e-12,1.33775e-12,5.12174e-12
-11.8,8.17225e-12,5.62399e-12,1.24312e-12,7.3474e-12
-11.7,7.69289e-12,7.06919e-12,1.15456e-12,7.52079e-12
-11.6,5.2765e-12,3.31808e-12,8.53043e-12,4.12349e-12
-11.5,5.28898e-12,4.57618e-12,1.19537e-12,6.25702e-12
-11.4,3.13988e-12,7.90139e-12,1.20873e-12,1.79038e-12
-11.3,3.30205e-12,8.42708e-12,1.15491e-12,5.58862e-12
-11.2,4.52628e-13,3.8705e-12,8.22037e-12,3.10885e-12
-11.1,6.9997e-12,5.56875e-12,9.33055e-12,6.18503e-12
-11,4.46035e-12,9.10958e-12,1.4133e-12,7.53825e-12
-10.9,1.48619e-12,6.76091e-12,8.32729e-12,2.28595e-12
-10.8,1.57885e-12,4.91297e-12,1.06581e-11,1.71197e-12
-10.7,5.54558e-12,3.68161e-12,1.39228e-12,1.76846e-12
-10.6,7.33649e-12,8.78882e-12,1.34274e-12,2.28648e-12
-10.5,1.28304e-12,3.74576e-12,1.27538e-12,4.33965e-12
-10.4,1.28839e-12,3.49807e-12,8.62844e-12,1.74422e-12
-10.3,6.29759e-12,7.53608e-12,1.4493e-12,2.11773e-12
-10.2,4.3267e-12,8.62132e-12,1.13175e-12,2.15871e-12
-10.1,3.50341e-12,3.10781e-12,8.57142e-12,2.1163e-12
-10,6.613e-12,4.65458e-12,1.44734e-12,1.73549e-12
-9.9,5.80041e-12,5.48268e-12,1.45215e-12,1.74529e-12
-9.8,1.91921e-12,9.34659e-12,8.96168e-12,2.30003e-12
-9.7,1.0496e-12,2.92248e-12,9.49806e-12,2.19614e-12
-9.6,4.78289e-12,3.91327e-12,1.44538e-12,1.85257e-11
-9.5,7.20284e-12,8.37005e-12,1.49314e-12,2.29379e-11
-9.4,7.81763e-12,3.30561e-12,1.00915e-11,7.51295e-11
-9.3,7.63231e-12,4.28393e-12,1.42293e-12,1.05815e-10
-9.2,4.85773e-12,8.26313e-12,1.46302e-12,1.81319e-10
-9.1,7.66616e-12,3.1577e-12,9.88119e-12,2.52046e-10
-9,1.37333e-11,2.8512e-12,9.4054e-12,3.685e-10
-8.9,5.38075e-11,1.395e-11,8.95811e-12,6.5403e-10
-8.8,8.0689e-11,6.72705e-11,1.46712e-11,1.46591e-09
-8.7,1.37428e-10,8.12117e-11,4.03163e-11,2.72794e-09
-8.6,1.85221e-10,1.15527e-10,8.42678e-11,5.82605e-09
-8.5,3.19905e-10,2.82946e-10,1.61841e-10,1.02493e-08
-8.4,6.88796e-10,5.81253e-10,3.24395e-10,1.74732e-08
-8.3,1.25898e-09,1.22643e-09,6.67733e-10,2.5913e-08
-8.2,2.09264e-09,2.62063e-09,1.53074e-09,3.74564e-08
-8.1,3.33915e-09,5.47404e-09,3.55541e-09,5.1846e-08
-8,5.16678e-09,9.11555e-09,6.79828e-09,6.95012e-08
-7.9,7.39396e-09,1.35464e-08,1.20252e-08,8.74584e-08
-7.8,9.97642e-09,1.96298e-08,1.99876e-08,1.10263e-07
-7.7,1.30908e-08,2.63358e-08,2.94629e-08,1.34113e-07
-7.6,1.63035e-08,3.33029e-08,4.15557e-08,1.57603e-07
-7.5,1.94491e-08,4.14e-08,5.4413e-08,1.82812e-07
-7.4,2.29821e-08,4.95236e-08,6.70542e-08,2.0833e-07
-7.3,2.6367e-08,5.72419e-08,8.31909e-08,2.3758e-07
-7.2,2.95119e-08,6.62804e-08,9.81674e-08,2.71318e-07
-7.1,3.40497e-08,7.57706e-08,1.15886e-07,3.07122e-07
-7,3.85807e-08,8.38698e-08,1.34517e-07,3.44879e-07
-6.9,4.18481e-08,9.64422e-08,1.52634e-07,3.87025e-07
-6.8,4.76566e-08,1.06352e-07,1.74322e-07,4.24823e-07
-6.7,5.23181e-08,1.16962e-07,1.94429e-07,4.74874e-07
-6.6,5.90879e-08,1.28648e-07,2.18928e-07,5.18854e-07
-6.5,6.52362e-08,1.45511e-07,2.40527e-07,5.75926e-07
-6.4,7.20593e-08,1.57363e-07,2.66498e-07,6.29192e-07
-6.3,7.92267e-08,1.73043e-07,2.94912e-07,6.84099e-07
-6.2,8.81992e-08,1.86264e-07,3.28781e-07,7.37153e-07
-6.1,9.68458e-08,2.07124e-07,3.58852e-07,7.86626e-07
-6,1.07027e-07,2.28527e-07,3.92168e-07,8.62689e-07
-5.9,1.16648e-07,2.48632e-07,4.18433e-07,9.20845e-07
-5.8,1.29509e-07,2.70233e-07,4.54364e-07,1.00397e-06
-5.7,1.38257e-07,2.92982e-07,4.93259e-07,1.0709e-06
-5.6,1.52847e-07,3.21036e-07,5.34235e-07,1.17817e-06
-5.5,1.63001e-07,3.45851e-07,5.77227e-07,1.26414e-06
-5.4,1.76527e-07,3.72237e-07,6.27469e-07,1.35831e-06
-5.3,1.91387e-07,3.92106e-07,6.82371e-07,1.44905e-06
-5.2,2.0812e-07,4.19739e-07,7.40409e-07,1.541e-06
-5.1,2.25403e-07,4.53776e-07,7.95298e-07,1.64186e-06
-5,2.40795e-07,4.76487e-07,8.66467e-07,1.75758e-06
-4.9,2.59479e-07,5.04425e-07,9.30821e-07,1.90473e-06
-4.8,2.83105e-07,5.42648e-07,9.96869e-07,2.00307e-06
-4.7,3.07187e-07,5.84412e-07,1.07239e-06,2.14287e-06
-4.6,3.2938e-07,6.27515e-07,1.13476e-06,2.24254e-06
-4.5,3.50644e-07,6.67174e-07,1.21356e-06,2.40402e-06
-4.4,3.78352e-07,7.12631e-07,1.29599e-06,2.59577e-06
-4.3,3.99412e-07,7.66187e-07,1.36082e-06,2.71554e-06
-4.2,4.27322e-07,7.92379e-07,1.46407e-06,2.91001e-06
-4.1,4.56657e-07,8.54617e-07,1.5589e-06,3.11021e-06
-4,4.81518e-07,9.08415e-07,1.66779e-06,3.27551e-06
-3.9,5.15873e-07,9.61348e-07,1.77029e-06,3.47666e-06
-3.8,5.51167e-07,1.01629e-06,1.86866e-06,3.68926e-06
-3.7,5.84011e-07,1.08348e-06,1.99415e-06,3.88519e-06
-3.6,6.13272e-07,1.14762e-06,2.10595e-06,4.07068e-06
-3.5,6.44423e-07,1.21691e-06,2.20954e-06,4.2425e-06
-3.4,6.83761e-07,1.27998e-06,2.37279e-06,4.51931e-06
-3.3,7.26512e-07,1.31842e-06,2.51647e-06,4.76835e-06
-3.2,7.69958e-07,1.38227e-06,2.62444e-06,5.02007e-06
-3.1,7.97222e-07,1.46948e-06,2.76034e-06,5.26182e-06
-3,8.46871e-07,1.57e-06,2.88846e-06,5.51133e-06
-2.9,8.7833e-07,1.62998e-06,3.05319e-06,5.75424e-06
-2.8,9.32831e-07,1.70963e-06,3.17688e-06,6.00971e-06
-2.7,9.845e-07,1.76487e-06,3.34888e-06,6.23741e-06
-2.6,1.0172e-06,1.83291e-06,3.48196e-06,6.6099e-06
-2.5,1.05925e-06,1.93099e-06,3.64031e-06,6.82205e-06
-2.4,1.11408e-06,2.01002e-06,3.80229e-06,7.15548e-06
-2.3,1.16615e-06,2.07133e-06,3.97226e-06,7.45555e-06
-2.2,1.2279e-06,2.19061e-06,4.16241e-06,7.77651e-06
-2.1,1.26821e-06,2.27449e-06,4.34808e-06,8.13212e-06
-2,1.30586e-06,2.37815e-06,4.59423e-06,8.403e-06
-1.9,1.37097e-06,2.47447e-06,4.77405e-06,8.70842e-06
-1.8,1.40965e-06,2.55576e-06,5.02545e-06,9.07056e-06
-1.7,1.49365e-06,2.66213e-06,5.18416e-06,9.49398e-06
-1.6,1.53338e-06,2.75524e-06,5.40719e-06,9.88256e-06
-1.5,1.59475e-06,2.84462e-06,5.63057e-06,1.02791e-05
-1.4,1.66194e-06,2.91697e-06,5.85129e-06,1.06523e-05
-1.3,1.7107e-06,3.03173e-06,6.01972e-06,1.10796e-05
-1.2,1.7673e-06,3.17941e-06,6.19931e-06,1.15147e-05
-1.1,1.82247e-06,3.26805e-06,6.40415e-06,1.20101e-05
-1,1.9025e-06,3.39321e-06,6.66046e-06,1.24688e-05
-0.9,1.98593e-06,3.495e-06,6.8885e-06,1.28371e-05
-0.8,2.04501e-06,3.6075e-06,7.22751e-06,1.31803e-05
-0.7,2.10664e-06,3.71559e-06,7.51842e-06,1.35782e-05
-0.6,2.16686e-06,3.84912e-06,7.80218e-06,1.41095e-05
-0.5,2.2306e-06,3.95739e-06,8.04076e-06,1.45126e-05
-0.4,2.29506e-06,4.08178e-06,8.24314e-06,1.49625e-05
-0.3,2.34725e-06,4.23934e-06,8.5204e-06,1.53988e-05
-0.2,2.41773e-06,4.29056e-06,8.90815e-06,1.5803e-05
-0.1,2.49694e-06,4.42273e-06,9.12585e-06,1.62972e-05
0,2.53983e-06,4.47261e-06,9.3563e-06,1.68293e-05
0.1,2.58917e-06,4.61433e-06,9.70199e-06,1.72218e-05
0.2,2.63586e-06,4.72914e-06,9.9866e-06,1.77692e-05
0.3,2.70557e-06,4.87516e-06,1.02263e-05,1.82197e-05
0.4,2.75807e-06,4.96519e-06,1.05809e-05,1.88463e-05
0.5,2.83903e-06,5.06188e-06,1.08127e-05,1.94569e-05
0.6,2.92902e-06,5.14289e-06,1.10461e-05,2.01211e-05
0.7,2.96929e-06,5.26512e-06,1.14161e-05,2.06422e-05
0.8,3.01153e-06,5.36842e-06,1.16197e-05,2.10905e-05
0.9,3.08888e-06,5.52154e-06,1.19346e-05,2.18395e-05
1,3.14454e-06,5.5925e-06,1.22404e-05,2.22704e-05
1.1,3.2132e-06,5.73939e-06,1.25913e-05,2.28654e-05
1.2,3.25258e-06,5.90389e-06,1.29763e-05,2.34041e-05
1.3,3.30139e-06,5.93957e-06,1.32282e-05,2.38212e-05
1.4,3.36805e-06,6.03964e-06,1.35308e-05,2.44556e-05
1.5,3.43047e-06,6.12518e-06,1.37278e-05,2.51968e-05
1.6,3.45735e-06,6.24876e-06,1.40988e-05,2.57456e-05
1.7,3.51993e-06,6.31013e-06,1.44631e-05,2.62428e-05
1.8,3.58153e-06,6.47777e-06,1.48183e-05,2.65484e-05
1.9,3.65609e-06,6.55423e-06,1.49681e-05,2.71666e-05
2,3.71032e-06,6.63727e-06,1.52427e-05,2.76996e-05
2.1,3.77522e-06,6.6768e-06,1.55407e-05,2.82987e-05
2.2,3.83613e-06,6.81497e-06,1.59035e-05,2.88358e-05
2.3,3.88194e-06,6.97028e-06,1.61438e-05,2.95288e-05
2.4,3.90452e-06,7.06039e-06,1.64563e-05,3.0327e-05
2.5,3.92423e-06,7.11938e-06,1.65915e-05,3.08404e-05
2.6,4.02199e-06,7.21275e-06,1.68078e-05,3.13687e-05
2.7,4.09145e-06,7.35303e-06,1.71461e-05,3.19181e-05
2.8,4.12731e-06,7.42212e-06,1.73863e-05,3.25669e-05
2.9,4.1316e-06,7.56541e-06,1.76174e-05,3.26999e-05
3,4.22749e-06,7.69382e-06,1.77951e-05,3.35235e-05
3.1,4.24403e-06,7.78032e-06,1.82108e-05,3.39954e-05
3.2,4.25948e-06,7.84427e-06,1.84667e-05,3.4613e-05
3.3,4.31219e-06,8.02237e-06,1.87276e-05,3.54119e-05
3.4,4.38907e-06,8.1024e-06,1.89402e-05,3.58676e-05
3.5,4.41843e-06,8.14321e-06,1.92135e-05,3.634e-05
3.6,4.5083e-06,8.22849e-06,1.96553e-05,3.69287e-05
3.7,4.53515e-06,8.45194e-06,1.97797e-05,3.75238e-05
3.8,4.56992e-06,8.52764e-06,2.01501e-05,3.83175e-05
3.9,4.58302e-06,8.50561e-06,2.02293e-05,3.86338e-05
4,4.65515e-06,8.59446e-06,2.05176e-05,3.92935e-05
4.1,4.67554e-06,8.71909e-06,2.07991e-05,3.98746e-05
4.2,4.75152e-06,8.88086e-06,2.09376e-05,4.05747e-05
4.3,4.7957e-06,8.91228e-06,2.12174e-05,4.12909e-05
4.4,4.8923e-06,8.98388e-06,2.15882e-05,4.18622e-05
4.5,4.89749e-06,9.11621e-06,2.1722e-05,4.23578e-05
4.6,4.9567e-06,9.20515e-06,2.20875e-05,4.2745e-05
4.7,4.98842e-06,9.27711e-06,2.22887e-05,4.32383e-05
4.8,4.98575e-06,9.40333e-06,2.23616e-05,4.39969e-05
4.9,5.03923e-06,9.50032e-06,2.27103e-05,4.45418e-05
5,5.06248e-06,9.59366e-06,2.30204e-05,4.50773e-05
5.1,5.09675e-06,9.62314e-06,2.32492e-05,4.594e-05
5.2,5.14397e-06,9.74774e-06,2.34167e-05,4.66043e-05
5.3,5.22691e-06,9.8536e-06,2.36732e-05,4.7377e-05
5.4,5.19569e-06,9.97638e-06,2.40723e-05,4.79591e-05
5.5,5.26642e-06,9.92717e-06,2.41097e-05,4.85782e-05
5.6,5.28288e-06,9.98658e-06,2.47007e-05,4.89683e-05
5.7,5.30084e-06,1.01488e-05,2.46672e-05,4.99822e-05
5.8,5.34156e-06,1.02441e-05,2.48596e-05,5.0444e-05
5.9,5.36828e-06,1.02932e-05,2.51364e-05,5.12922e-05
6,5.40618e-06,1.03588e-05,2.55811e-05,5.18225e-05
6.1,5.43326e-06,1.04718e-05,2.56576e-05,5.23026e-05
6.2,5.48731e-06,1.05696e-05,2.58301e-05,5.26103e-05
6.3,5.53871e-06,1.06428e-05,2.6156e-05,5.32059e-05
6.4,5.63504e-06,1.07888e-05,2.64609e-05,5.39338e-05
6.5,5.64356e-06,1.09057e-05,2.67815e-05,5.43779e-05
6.6,5.6736e-06,1.09916e-05,2.70117e-05,5.48004e-05
6.7,5.77708e-06,1.11231e-05,2.74007e-05,5.53106e-05
6.8,5.7861e-06,1.10926e-05,2.74988e-05,5.58641e-05
6.9,5.7686e-06,1.11551e-05,2.78803e-05,5.63515e-05
7,5.81944e-06,1.12659e-05,2.78135e-05,5.69504e-05
7.1,5.82882e-06,1.13262e-05,2.80795e-05,5.73711e-05
7.2,5.92754e-06,1.14711e-05,2.81383e-05,5.81019e-05
7.3,5.92134e-06,1.15417e-05,2.84053e-05,5.84286e-05
7.4,5.9229e-06,1.16443e-05,2.87061e-05,5.88454e-05
7.5,5.94333e-06,1.18115e-05,2.90181e-05,5.96008e-05
7.6,5.89699e-06,1.18479e-05,2.91557e-05,6.01179e-05
7.7,5.99787e-06,1.18285e-05,2.94688e-05,6.06365e-05
7.8,6.02646e-06,1.18424e-05,2.98556e-05,6.10545e-05
7.9,6.0467e-06,1.19828e-05,2.9828e-05,6.17834e-05
8,6.15444e-06,1.20167e-05,3.00053e-05,6.21551e-05
8.1,6.25003e-06,1.2179e-05,3.04218e-05,6.26327e-05
8.2,6.30158e-06,1.23081e-05,3.06258e-05,6.33317e-05
8.3,6.21089e-06,1.2379e-05,3.07192e-05,6.36192e-05
8.4,6.34943e-06,1.23255e-05,3.09425e-05,6.43168e-05
8.5,6.42058e-06,1.24677e-05,3.09573e-05,6.46064e-05
8.6,6.32496e-06,1.26028e-05,3.13776e-05,6.54404e-05
8.7,6.44282e-06,1.2589e-05,3.13988e-05,6.58845e-05
8.8,6.46232e-06,1.27299e-05,3.16077e-05,6.60873e-05
8.9,6.49388e-06,1.26059e-05,3.15414e-05,6.64176e-05
9,6.57455e-06,1.28048e-05,3.21988e-05,6.70976e-05
9.1,6.58554e-06,1.29781e-05,3.22873e-05,6.74314e-05
9.2,6.65474e-06,1.30534e-05,3.24292e-05,6.81006e-05
9.3,6.70339e-06,1.30541e-05,3.27637e-05,6.85949e-05
9.4,6.64123e-06,1.30352e-05,3.28848e-05,6.92492e-05
9.5,6.65351e-06,1.32927e-05,3.31915e-05,6.98136e-05
9.6,6.70208e-06,1.32679e-05,3.34733e-05,7.04774e-05
9.7,6.73482e-06,1.33821e-05,3.37862e-05,7.09108e-05
9.8,6.73183e-06,1.34114e-05,3.41358e-05,7.12916e-05
9.9,6.7405e-06,1.37053e-05,3.43185e-05,7.17488e-05
10,6.71543e-06,1.36479e-05,3.50188e-05,7.24723e-05
10.1,6.75451e-06,1.37551e-05,3.46799e-05,7.25049e-05
10.2,6.85692e-06,1.39019e-05,3.49525e-05,7.3147e-05
10.3,6.86122e-06,1.38581e-05,3.5298e-05,7.37438e-05
10.4,6.92011e-06,1.38643e-05,3.56131e-05,7.37279e-05
10.5,6.93032e-06,1.39852e-05,3.61331e-05,7.4355e-05
10.6,6.89465e-06,1.40701e-05,3.62368e-05,7.4319e-05
10.7,7.02602e-06,1.40255e-05,3.62184e-05,7.49229e-05
10.8,6.92742e-06,1.42162e-05,3.66493e-05,7.58656e-05
10.9,6.99389e-06,1.42757e-05,3.66254e-05,7.63943e-05
11,7.02299e-06,1.41829e-05,3.68931e-05,7.67458e-05
11.1,7.05895e-06,1.42832e-05,3.70886e-05,7.70784e-05
11.2,7.08137e-06,1.43601e-05,3.72408e-05,7.74831e-05
11.3,7.0724e-06,1.44879e-05,3.76355e-05,7.82243e-05
11.4,7.21257e-06,1.45194e-05,3.78092e-05,7.88703e-05
11.5,7.16731e-06,1.44474e-05,3.80427e-05,7.87771e-05
11.6,7.15232e-06,1.4614e-05,3.83217e-05,7.94845e-05
11.7,7.28107e-06,1.48515e-05,3.87328e-05,8.02782e-05
11.8,7.33952e-06,1.48018e-05,3.8897e-05,8.08682e-05
11.9,7.37933e-06,1.48807e-05,3.88902e-05,8.12765e-05
12,7.37866e-06,1.47952e-05,3.90117e-05,8.15668e-05
